StartDate,EndDate,Status,IPAddress,Progress,Duration (in seconds),Finished,RecordedDate,ResponseId,RecipientLastName,RecipientFirstName,RecipientEmail,ExternalReference,LocationLatitude,LocationLongitude,DistributionChannel,UserLanguage,Text / Graphic,Q1,Q2,Q3,Q4,Q5,Q6_15,Q6_16,Q6_17,Q6_18,Q6_19,Q7_0_GROUP,Q7_1_GROUP,Q7_2_GROUP,Q7_0_1_RANK,Q7_0_2_RANK,Q7_0_3_RANK,Q7_0_4_RANK,Q7_0_5_RANK,Q7_0_6_RANK,Q7_0_7_RANK,Q7_0_8_RANK,Q7_0_9_RANK,Q7_0_10_RANK,Q7_0_11_RANK,Q7_0_12_RANK,Q7_0_13_RANK,Q7_0_14_RANK,Q7_1_1_RANK,Q7_1_2_RANK,Q7_1_3_RANK,Q7_1_4_RANK,Q7_1_5_RANK,Q7_1_6_RANK,Q7_1_7_RANK,Q7_1_8_RANK,Q7_1_9_RANK,Q7_1_10_RANK,Q7_1_11_RANK,Q7_1_12_RANK,Q7_1_13_RANK,Q7_1_14_RANK,Q7_2_1_RANK,Q7_2_2_RANK,Q7_2_3_RANK,Q7_2_4_RANK,Q7_2_5_RANK,Q7_2_6_RANK,Q7_2_7_RANK,Q7_2_8_RANK,Q7_2_9_RANK,Q7_2_10_RANK,Q7_2_11_RANK,Q7_2_12_RANK,Q7_2_13_RANK,Q7_2_14_RANK,Q8,Q9,Q10,Q11,Q12,Q12_1_TEXT,Q13,Q14,Q15,Q15_6_TEXT,Q16,Q17,Q18,Q18_24_TEXT,Q19,Q20
Start Date,End Date,Response Type,IP Address,Progress,Duration (in seconds),Finished,Recorded Date,Response ID,Recipient Last Name,Recipient First Name,Recipient Email,External Data Reference,Location Latitude,Location Longitude,Distribution Channel,User Language,Text / Graphic introduction,How frequently do you travel by airplane?,Have you ever experienced discrimination in air travel? (Select all that apply.),Have you ever filed a complaint as result of discrimination you experienced in your air travel? (Select all that apply),"Have you ever received any monetary award, travel voucher, or other compensation as a result of any discrimination complaint you filed against an airline or government agency?",Do you visibly represent your religious identity in any of the following ways?,How would you rate your air travel experience compared to other travelers? - Check-In,How would you rate your air travel experience compared to other travelers? - Bag Drop Off,How would you rate your air travel experience compared to other travelers? - Security Line,How would you rate your air travel experience compared to other travelers? - Boarding Airplane,How would you rate your air travel experience compared to other travelers? - Baggage Claim,Please select your preference to airlines. Drag the name of the airline into the appropriate box. - Groups - Airline Prefer to Travel,Please select your preference to airlines. Drag the name of the airline into the appropriate box. - Groups - Airline To Avoid,Please select your preference to airlines. Drag the name of the airline into the appropriate box. - Groups - Airline Not Flown,Please select your preference to airlines. Drag the name of the airline into the appropriate box. - Ranks - Airline Prefer to Travel - Alaska Airlines - Rank,Please select your preference to airlines. Drag the name of the airline into the appropriate box. - Ranks - Airline Prefer to Travel - Allegiant Air - Rank,Please select your preference to airlines. Drag the name of the airline into the appropriate box. - Ranks - Airline Prefer to Travel - American Airlines - Rank,Please select your preference to airlines. Drag the name of the airline into the appropriate box. - Ranks - Airline Prefer to Travel - Avelo Airlines - Rank,Please select your preference to airlines. Drag the name of the airline into the appropriate box. - Ranks - Airline Prefer to Travel - Breeze Airways - Rank,Please select your preference to airlines. Drag the name of the airline into the appropriate box. - Ranks - Airline Prefer to Travel - Delta Air Lines - Rank,Please select your preference to airlines. Drag the name of the airline into the appropriate box. - Ranks - Airline Prefer to Travel - Eastern Airlines - Rank,Please select your preference to airlines. Drag the name of the airline into the appropriate box. - Ranks - Airline Prefer to Travel - Frontier Airlines - Rank,Please select your preference to airlines. Drag the name of the airline into the appropriate box. - Ranks - Airline Prefer to Travel - Hawaiian Airlines - Rank,Please select your preference to airlines. Drag the name of the airline into the appropriate box. - Ranks - Airline Prefer to Travel - JetBlue - Rank,Please select your preference to airlines. Drag the name of the airline into the appropriate box. - Ranks - Airline Prefer to Travel - Southwest Airlines - Rank,Please select your preference to airlines. Drag the name of the airline into the appropriate box. - Ranks - Airline Prefer to Travel - Spirit Airlines - Rank,Please select your preference to airlines. Drag the name of the airline into the appropriate box. - Ranks - Airline Prefer to Travel - Sun Country Airlines - Rank,Please select your preference to airlines. Drag the name of the airline into the appropriate box. - Ranks - Airline Prefer to Travel - United Airlines - Rank,Please select your preference to airlines. Drag the name of the airline into the appropriate box. - Ranks - Airline To Avoid - Alaska Airlines - Rank,Please select your preference to airlines. Drag the name of the airline into the appropriate box. - Ranks - Airline To Avoid - Allegiant Air - Rank,Please select your preference to airlines. Drag the name of the airline into the appropriate box. - Ranks - Airline To Avoid - American Airlines - Rank,Please select your preference to airlines. Drag the name of the airline into the appropriate box. - Ranks - Airline To Avoid - Avelo Airlines - Rank,Please select your preference to airlines. Drag the name of the airline into the appropriate box. - Ranks - Airline To Avoid - Breeze Airways - Rank,Please select your preference to airlines. Drag the name of the airline into the appropriate box. - Ranks - Airline To Avoid - Delta Air Lines - Rank,Please select your preference to airlines. Drag the name of the airline into the appropriate box. - Ranks - Airline To Avoid - Eastern Airlines - Rank,Please select your preference to airlines. Drag the name of the airline into the appropriate box. - Ranks - Airline To Avoid - Frontier Airlines - Rank,Please select your preference to airlines. Drag the name of the airline into the appropriate box. - Ranks - Airline To Avoid - Hawaiian Airlines - Rank,Please select your preference to airlines. Drag the name of the airline into the appropriate box. - Ranks - Airline To Avoid - JetBlue - Rank,Please select your preference to airlines. Drag the name of the airline into the appropriate box. - Ranks - Airline To Avoid - Southwest Airlines - Rank,Please select your preference to airlines. Drag the name of the airline into the appropriate box. - Ranks - Airline To Avoid - Spirit Airlines - Rank,Please select your preference to airlines. Drag the name of the airline into the appropriate box. - Ranks - Airline To Avoid - Sun Country Airlines - Rank,Please select your preference to airlines. Drag the name of the airline into the appropriate box. - Ranks - Airline To Avoid - United Airlines - Rank,Please select your preference to airlines. Drag the name of the airline into the appropriate box. - Ranks - Airline Not Flown - Alaska Airlines - Rank,Please select your preference to airlines. Drag the name of the airline into the appropriate box. - Ranks - Airline Not Flown - Allegiant Air - Rank,Please select your preference to airlines. Drag the name of the airline into the appropriate box. - Ranks - Airline Not Flown - American Airlines - Rank,Please select your preference to airlines. Drag the name of the airline into the appropriate box. - Ranks - Airline Not Flown - Avelo Airlines - Rank,Please select your preference to airlines. Drag the name of the airline into the appropriate box. - Ranks - Airline Not Flown - Breeze Airways - Rank,Please select your preference to airlines. Drag the name of the airline into the appropriate box. - Ranks - Airline Not Flown - Delta Air Lines - Rank,Please select your preference to airlines. Drag the name of the airline into the appropriate box. - Ranks - Airline Not Flown - Eastern Airlines - Rank,Please select your preference to airlines. Drag the name of the airline into the appropriate box. - Ranks - Airline Not Flown - Frontier Airlines - Rank,Please select your preference to airlines. Drag the name of the airline into the appropriate box. - Ranks - Airline Not Flown - Hawaiian Airlines - Rank,Please select your preference to airlines. Drag the name of the airline into the appropriate box. - Ranks - Airline Not Flown - JetBlue - Rank,Please select your preference to airlines. Drag the name of the airline into the appropriate box. - Ranks - Airline Not Flown - Southwest Airlines - Rank,Please select your preference to airlines. Drag the name of the airline into the appropriate box. - Ranks - Airline Not Flown - Spirit Airlines - Rank,Please select your preference to airlines. Drag the name of the airline into the appropriate box. - Ranks - Airline Not Flown - Sun Country Airlines - Rank,Please select your preference to airlines. Drag the name of the airline into the appropriate box. - Ranks - Airline Not Flown - United Airlines - Rank,Have you ever been denied entry to an airplane based on racial profiling?,Have you ever avoided air travel to avoid racial profiling?,Have you ever been asked to deplane from an airplane based on racial profiling?,Have you ever been detained at the airport?,"Have you developed or adopted a strategy to avoid being racially profiled? If so, what strategy or strategies? - Selected Choice","Have you developed or adopted a strategy to avoid being racially profiled? If so, what strategy or strategies? - Yes - Text",Do you have an ethnic- or foreign-sounding name?,How old are you?,To which gender identity do you most identify? - Selected Choice,To which gender identity do you most identify? - Not Listed - Text,Why did you choose to take the question tour?,Did you find this explanation useful?,The question tour has helped me learn how to configure my own questions in Qualtrics. - Selected Choice,The question tour has helped me learn how to configure my own questions in Qualtrics. - Other - Text,Do you suffer from any chronic illness(es)?,(Optional) Please share any travel experiences you have endured during air travel at any stage in the journey that may be of relevance or interest.
"{""ImportId"":""startDate"",""timeZone"":""America/Denver""}","{""ImportId"":""endDate"",""timeZone"":""America/Denver""}","{""ImportId"":""status""}","{""ImportId"":""ipAddress""}","{""ImportId"":""progress""}","{""ImportId"":""duration""}","{""ImportId"":""finished""}","{""ImportId"":""recordedDate"",""timeZone"":""America/Denver""}","{""ImportId"":""_recordId""}","{""ImportId"":""recipientLastName""}","{""ImportId"":""recipientFirstName""}","{""ImportId"":""recipientEmail""}","{""ImportId"":""externalDataReference""}","{""ImportId"":""locationLatitude""}","{""ImportId"":""locationLongitude""}","{""ImportId"":""distributionChannel""}","{""ImportId"":""userLanguage""}","{""ImportId"":""QID1""}","{""ImportId"":""QID21""}","{""ImportId"":""QID22""}","{""ImportId"":""QID23""}","{""ImportId"":""QID24""}","{""ImportId"":""QID27""}","{""ImportId"":""QID25_15""}","{""ImportId"":""QID25_16""}","{""ImportId"":""QID25_17""}","{""ImportId"":""QID25_18""}","{""ImportId"":""QID25_19""}","{""ImportId"":""QID26_0_GROUP""}","{""ImportId"":""QID26_1_GROUP""}","{""ImportId"":""QID26_2_GROUP""}","{""ImportId"":""QID26_G0_1_RANK""}","{""ImportId"":""QID26_G0_2_RANK""}","{""ImportId"":""QID26_G0_3_RANK""}","{""ImportId"":""QID26_G0_4_RANK""}","{""ImportId"":""QID26_G0_5_RANK""}","{""ImportId"":""QID26_G0_6_RANK""}","{""ImportId"":""QID26_G0_7_RANK""}","{""ImportId"":""QID26_G0_8_RANK""}","{""ImportId"":""QID26_G0_9_RANK""}","{""ImportId"":""QID26_G0_10_RANK""}","{""ImportId"":""QID26_G0_11_RANK""}","{""ImportId"":""QID26_G0_12_RANK""}","{""ImportId"":""QID26_G0_13_RANK""}","{""ImportId"":""QID26_G0_14_RANK""}","{""ImportId"":""QID26_G1_1_RANK""}","{""ImportId"":""QID26_G1_2_RANK""}","{""ImportId"":""QID26_G1_3_RANK""}","{""ImportId"":""QID26_G1_4_RANK""}","{""ImportId"":""QID26_G1_5_RANK""}","{""ImportId"":""QID26_G1_6_RANK""}","{""ImportId"":""QID26_G1_7_RANK""}","{""ImportId"":""QID26_G1_8_RANK""}","{""ImportId"":""QID26_G1_9_RANK""}","{""ImportId"":""QID26_G1_10_RANK""}","{""ImportId"":""QID26_G1_11_RANK""}","{""ImportId"":""QID26_G1_12_RANK""}","{""ImportId"":""QID26_G1_13_RANK""}","{""ImportId"":""QID26_G1_14_RANK""}","{""ImportId"":""QID26_G2_1_RANK""}","{""ImportId"":""QID26_G2_2_RANK""}","{""ImportId"":""QID26_G2_3_RANK""}","{""ImportId"":""QID26_G2_4_RANK""}","{""ImportId"":""QID26_G2_5_RANK""}","{""ImportId"":""QID26_G2_6_RANK""}","{""ImportId"":""QID26_G2_7_RANK""}","{""ImportId"":""QID26_G2_8_RANK""}","{""ImportId"":""QID26_G2_9_RANK""}","{""ImportId"":""QID26_G2_10_RANK""}","{""ImportId"":""QID26_G2_11_RANK""}","{""ImportId"":""QID26_G2_12_RANK""}","{""ImportId"":""QID26_G2_13_RANK""}","{""ImportId"":""QID26_G2_14_RANK""}","{""ImportId"":""QID33""}","{""ImportId"":""QID34""}","{""ImportId"":""QID32""}","{""ImportId"":""QID31""}","{""ImportId"":""QID38""}","{""ImportId"":""QID38_1_TEXT""}","{""ImportId"":""QID35""}","{""ImportId"":""QID16""}","{""ImportId"":""QID37""}","{""ImportId"":""QID37_6_TEXT""}","{""ImportId"":""QID5""}","{""ImportId"":""QID4""}","{""ImportId"":""QID6""}","{""ImportId"":""QID6_24_TEXT""}","{""ImportId"":""QID30""}","{""ImportId"":""QID28_TEXT""}"
7/4/2022 7:29,7/4/2022 7:32,0,72.31.63.42,100,177,1,7/4/2022 7:32,R_33DBYr6jJHCebNn,,,,,28.9938,-82.4241,anonymous,EN,4,4,"3,4,5,6",5,1,8,54,50,71,50,51,"10,2","6,12,8","7,9,11,13,14,5,3,4,1",,2,,,,,,,,1,,,,,,,,,,1,,3,,,,2,,,9,,7,8,6,,1,,2,,3,,4,5,3,2,2,2,1,,1,2,1,,1,6,14,,1,
7/4/2022 7:41,7/4/2022 7:44,0,172.58.152.104,100,174,1,7/4/2022 7:44,R_32KM2ZSpkcGl3xc,,,,,38.6583,-77.2481,anonymous,EN,4,4,1,1,2,2,52,52,51,53,52,6,"12,3",,,,,,,1,,,,,,,,,,,2,,,,,,,,,1,,,,,,,,,,,,,,,,,3,2,2,2,2,,2,4,2,,1,1,14,,1,
7/4/2022 7:50,7/4/2022 8:00,0,174.211.244.78,100,570,1,7/4/2022 8:00,R_1K2TctDhKOlgj0G,,,,,28.5521,-81.301,anonymous,EN,4,3,5,1,2,8,,,,,,"2,10,11","14,6",,,1,,,,,,,,2,3,,,,,,,,,2,,,,,,,,1,,,,,,,,,,,,,,,3,2,2,2,2,,1,7,2,,1,6,14,,1,
7/4/2022 8:15,7/4/2022 8:19,0,72.188.127.217,100,256,1,7/4/2022 8:19,R_2zBVlIq3iyINkiM,,,,,28.5464,-81.2585,anonymous,EN,4,4,5,1,2,1,51,53,54,52,57,"3,10,6","12,8","5,9,4,7",,,1,,,3,,,,2,,,,,,,,,,,,2,,,,1,,,,,,3,1,,4,,2,,,,,,3,2,2,2,2,,1,3,1,,1,6,14,,1,
7/4/2022 8:40,7/4/2022 8:45,0,23.17.182.117,100,334,1,7/4/2022 8:45,R_3J2fUVKtsBKhgwo,,,,,51.0406,-114.0764,anonymous,EN,4,4,"3,4,5,6",1,2,2,48,100,100,100,100,,"14,3,6","9,2,1,4,5,7,8,10,11,12,13",,,,,,,,,,,,,,,,,2,,,3,,,,,,,,1,3,2,,4,5,,6,7,1,8,9,10,11,,1,1,1,1,1,Look rich/ important  / be extra polite and submissive ,1,3,2,,2,6,14,,1,
7/4/2022 8:47,7/4/2022 8:54,0,104.57.0.131,100,467,1,7/4/2022 8:54,R_1rii9aW4uq70Qe9,,,,,28.3774,-81.1888,anonymous,EN,4,4,6,5,2,8,50,50,50,50,50,"10,11,6,2","3,12,14","5,4,8,13,9",,4,,,,3,,,,1,2,,,,,,1,,,,,,,,,2,,3,,,,2,1,,,3,5,,,,4,,3,2,2,2,2,,2,7,2,,1,2,"6,25",,13,
7/4/2022 8:51,7/4/2022 8:56,0,97.104.248.128,100,300,1,7/4/2022 8:56,R_2xWBp9r4IdtdsZF,,,,,28.4986,-81.5353,anonymous,EN,4,4,1,1,2,8,50,51,50,50,50,,,,,,,,,,,,,,,,,,,,,,,,,,,,,,,,,,,,,,,,,,,,,,3,2,2,2,2,,1,4,1,,2,6,14,,1,
7/4/2022 9:04,7/4/2022 9:07,0,46.255.152.138,100,220,1,7/4/2022 9:07,R_2pWBjAQpHjYmXQe,,,,,53.3641,-6.2923,anonymous,EN,4,2,6,1,2,8,91,95,91,90,76,6,11,,,,,,,1,,,,,,,,,,,,,,,,,,,1,,,,,,,,,,,,,,,,,,3,2,2,2,2,,1,7,1,,1,2,25,,1,
7/4/2022 10:01,7/4/2022 10:04,0,35.142.8.52,100,163,1,7/4/2022 10:04,R_2Y64TUYEi8ceUwG,,,,,28.1147,-82.3678,anonymous,EN,4,4,8,1,2,8,42,42,14,53,51,2,12,1,,1,,,,,,,,,,,,,,,,,,,,,,,,1,,,1,,,,,,,,,,,,,,3,2,2,2,2,,2,3,1,,2,6,14,,5,
7/4/2022 10:12,7/4/2022 10:24,0,209.107.187.32,100,722,1,7/4/2022 10:24,R_1C1tGXEGYRzZy6E,,,,,30.3023,-97.6914,anonymous,EN,4,3,4,1,2,8,25,55,25,55,60,,,"10,8,1,2,4,13,5,7,9",,,,,,,,,,,,,,,,,,,,,,,,,,,,,3,4,,5,7,,8,2,9,1,,,6,,3,2,2,2,2,,1,7,2,,1,6,14,,6,I faced intense questioning when traveling from Pakistan to USA. Both at Frankfort airport and DFW airport. Was separated from line.
7/4/2022 10:43,7/4/2022 10:46,0,71.82.145.69,100,190,1,7/4/2022 10:46,R_Q668383zHqJ8g6Z,,,,,44.833,-91.5125,anonymous,EN,4,4,1,1,2,8,50,51,,,,,,,,,,,,,,,,,,,,,,,,,,,,,,,,,,,,,,,,,,,,,,,,,,,,,,,,5,1,,1,2,,,,
7/4/2022 10:56,7/4/2022 11:12,0,69.109.236.234,100,926,1,7/4/2022 11:12,R_2BtYwvloeVmz5Od,,,,,28.7594,-81.3512,anonymous,EN,4,4,5,1,2,2,50,50,10,50,10,"11,8,12,1,10","6,3,14","2,7,5,4,13,9",4,,,,,,,2,,5,1,3,,,,,2,,,1,,,,,,,,3,,1,,4,3,,2,,6,,,,5,,3,2,2,1,2,,1,4,2,,1,6,14,,1,In general when you land from country of origin in Asia to US Airport without any reason Muslims are selected for more security checks alot of derogatory questions like a criminal have come home irrespective how much we love our country in general and contribute to its wellbeing. 
7/4/2022 11:26,7/4/2022 11:30,0,108.49.79.192,100,203,1,7/4/2022 11:30,R_1NePM9EJT28UAsE,,,,,42.2878,-71.3587,anonymous,EN,4,2,1,1,2,8,50,50,40,40,40,"3,10,6","14,11","12,1,2,4,5,7,9,8,13",,,1,,,3,,,,2,,,,,,,,,,,,,,,2,,,1,2,3,,4,5,,6,8,7,,,1,9,,3,2,2,2,2,,1,4,1,,1,6,14,,1,
7/4/2022 11:33,7/4/2022 11:39,0,47.196.120.239,100,348,1,7/4/2022 11:39,R_zetrJjvdkGtOcAp,,,,,27.9448,-82.2409,anonymous,EN,4,2,8,1,2,1,51,54,24,48,50,,,,,,,,,,,,,,,,,,,,,,,,,,,,,,,,,,,,,,,,,,,,,,3,2,2,2,1,Careful with packing for security restrictions. Planning ahead outfits to wear. Etc. ,1,3,1,,1,9,14,,13,Being overly aggressively searched especially buns under scarves and clothing. Feeling like aggression increases if you ask for private room. Etc. 
7/4/2022 11:34,7/4/2022 11:40,0,173.79.103.210,100,327,1,7/4/2022 11:40,R_3GcZf8862dEXuGI,,,,,39.0503,-77.3909,anonymous,EN,4,2,5,2,2,2,100,100,100,100,100,14,3,,,,,,,,,,,,,,,1,,,1,,,,,,,,,,,,,,,,,,,,,,,,,,3,1,2,1,1,"Smiling, lots of smiling and being helpful genuinely to passengers around me",1,5,2,,1,6,14,,1,"There was a period of several years when I received a SSSS designation on my boarding pass, hassles at fhe border upon returning to the US. After a meeting with the FBI at my request, most of those issues have not occurred. But it does beg the question, why was I being profiled to begin with..."
7/4/2022 13:00,7/4/2022 13:08,0,73.102.81.33,100,513,1,7/4/2022 13:08,R_sYHqVjIQ6Lppfk5,,,,,40.5025,-86.1462,anonymous,EN,4,3,3,1,1,8,73,74,73,54,76,"6,11,3","12,14,8,2","13,5,4",,,3,,,1,,,,,2,,,,,4,,,,,,3,,,,1,,2,,,,3,2,,,,,,,,1,,3,2,2,1,2,,2,5,1,,1,1,9,,1,I have been stopped and screened in addition to the security check several times usually being attributed to a change in my normal travel patterns or because I was traveling alone. I was looking for a job or internship in two of those checks but otherwise I suspect they thought I was a drug mule because I was going to Europe for vacation alone. All different airlines so can't say that was just updated screening on their part. It has eased up a little as I have gotten older and after doing the trusted traveler program but it hasn't stopped. 
7/4/2022 13:08,7/4/2022 13:12,0,73.24.79.97,100,283,1,7/4/2022 13:12,R_1Nk8bBWqi5bIhEZ,,,,,28.8024,-81.5316,anonymous,EN,4,4,5,5,2,8,9,27,5,61,72,"10,11","14,8,6,3","9,13,5",,,,,,,,,,1,2,,,,,,4,,,3,,2,,,,,,1,,,,,3,,,,1,,,,2,,3,1,2,2,2,,1,5,2,,1,6,14,,1,
7/4/2022 13:03,7/4/2022 13:14,0,172.225.111.149,100,665,1,7/4/2022 13:14,R_21AKakETnfxK3xt,,,,,38.7986,-76.9959,anonymous,EN,4,4,1,1,2,2,51,43,17,81,90,"11,10,14",3,"1,13,4",,,,,,,,,,2,1,,,3,,,1,,,,,,,,,,,,1,,,3,,,,,,,,,2,,3,1,2,2,2,,1,6,2,,1,6,14,,"6,7,9",Was profiled at JFK airport going to haj
7/4/2022 13:47,7/4/2022 13:49,0,96.240.28.65,100,106,1,7/4/2022 13:49,R_3G3w0am0so1sfAZ,,,,,40.9457,-74.1826,anonymous,EN,4,4,1,1,2,8,52,59,54,58,,,,,,,,,,,,,,,,,,,,,,,,,,,,,,,,,,,,,,,,,,,,,,,3,2,2,2,2,,1,4,2,,1,6,14,,9,
7/4/2022 14:54,7/4/2022 14:58,0,76.214.237.10,100,259,1,7/4/2022 14:58,R_1QFT9SD9eCpOS26,,,,,37.7794,-122.2178,anonymous,EN,4,4,"3,5,6","2,3",2,8,0,,,,,"1,14","11,6,3,13,12","8,10,9,7,5,2,4",1,,,,,,,,,,,,,2,,,3,,,2,,,,,1,5,4,,,6,,7,5,,4,1,3,2,,,,,3,1,1,1,2,,1,5,1,,1,6,14,,1,Dragged off plane and arrested for completely no reason 
7/4/2022 14:47,7/4/2022 14:59,0,172.58.172.229,100,671,1,7/4/2022 14:59,R_1roUPi4447BSZeM,,,,,28.5788,-81.4396,anonymous,EN,4,3,5,1,2,1,,,0,,,"2,11,14,10,3",12,"4,9,1,13",,1,5,,,,,,,4,2,,,3,,,,,,,,,,,,1,,,3,,,1,,,,,2,,,,4,,3,2,2,2,2,,1,7,1,,1,6,14,,1,I have a noble profession and treated in my town with dignity( market place malls restaurants office grocery stores ) but at airport I ama a SUSPECT bec of hijab I have pre tsa global entry but they check my hands and body for Explosive 
7/4/2022 23:39,7/5/2022 0:05,0,184.88.228.223,100,1540,1,7/5/2022 0:05,R_2wGKCnokku5wCEl,,,,,28.53,-81.4807,anonymous,EN,4,4,1,1,2,10,,,,,,,,,,,,,,,,,,,,,,,,,,,,,,,,,,,,,,,,,,,,,,,,,,,3,2,2,2,2,,1,6,1,,1,6,14,,6,
7/5/2022 0:52,7/5/2022 1:01,0,142.129.183.222,100,545,1,7/5/2022 1:01,R_1jAJFFrfFXO7PcP,,,,,34.043,-117.7556,anonymous,EN,4,3,"3,6,7","1,5",2,8,50,50,20,40,50,"1,3,11,10,9,6","14,12,8","5,7,4,2,13",1,,2,,,6,,,5,4,3,,,,,,,,,,,3,,,,2,,1,,4,,3,1,,2,,,,,,5,,3,2,2,1,1,I say as little as possible when Iâ€™m asked about my ethnicity and profession.,1,4,1,,1,3,24,Not religious,"5,9","I was flagged for 10 years after Canadian border patrol detained me crossing the border in a car in 2009. I was assumed to be Native American and a reporter. I was routinely stopped and asked additional questions about my background and travel plans. Sometimes they focused on my Mexican heritage, other times they focused on their assumption I was Native American. I was frequently asked questions that appeared to me were based on me being a young woman traveling alone who might be smuggling items or looking for under the table work. Whenever I came back to the US, I had an X on my face at ports of entry and had to go through additional revision. Even my travel partners were discouraged from staying with me and I felt Border Patrol attempted to isolate me from companions when I was not alone."
7/5/2022 6:54,7/5/2022 6:58,0,108.210.81.245,100,227,1,7/5/2022 6:58,R_2cjFpTsvJS8j9uF,,,,,33.3792,-86.6969,anonymous,EN,4,3,4,1,2,"8,9",45,40,60,51,40,"6,3","12,14","1,2,5,4,7,8,9,10,11,13",,,2,,,1,,,,,,,,,,,,,,,,,,,,1,,2,1,2,,4,3,,5,6,7,8,9,,10,,3,2,2,1,3,,3,3,1,,7,6,25,,,
7/5/2022 7:43,7/5/2022 7:50,0,98.170.151.75,100,447,1,7/5/2022 7:50,R_2Yc6HchSIC0EH8v,,,,,32.8936,-83.743,anonymous,EN,4,2,1,1,2,8,100,100,100,100,100,"11,6,14","12,8","9,1,2,4,5,7,13",,,,,,2,,,,,1,,,3,,,,,,,,2,,,,1,,,2,3,,4,5,,6,,1,,,,7,,3,2,2,2,2,,2,5,1,,1,10,24,Unitarian Universalist,5,"This survey reveals how privilege has helped me with air travel. My husband is a non-citizen, and he did get harassed once during the Trump admin. I have been searched a few times, but because I dinged or whatever. I'm racially ambiguous--appearing white to some people and mixed to others. I've traveled with a black friend who had her hair searched for the only reason that she had elaborate hair. I have had mask related altercations in airports with people who weren't masking properly during the mandate. "
7/5/2022 8:58,7/5/2022 9:06,0,104.28.79.22,100,474,1,7/5/2022 9:06,R_Rmd1uhZg9cjssRH,,,,,33.844,-84.4784,anonymous,EN,4,4,5,1,2,1,0,0,0,0,,3,,12,,,1,,,,,,,,,,,,,,,,,,,,,,,,,,,,,,,,,,,,,1,,,3,2,2,2,3,,1,7,1,,7,11,14,,13,
7/5/2022 13:00,7/5/2022 13:06,0,73.161.125.90,100,363,1,7/5/2022 13:06,R_2qmiAipJVebgwYw,,,,,42.2709,-83.7268,anonymous,EN,4,3,1,"1,5",1,8,51,50,71,50,50,6,12,"1,8,13,10,7,5,2,4",,,,,,1,,,,,,,,,,,,,,,,,,,,1,,,1,7,,8,6,,5,2,,4,,,3,,3,2,2,2,2,,1,6,1,,1,7,6,,1,
7/5/2022 19:22,7/5/2022 19:26,0,67.83.27.15,100,257,1,7/5/2022 19:26,R_3F4Zujf7Xd0mYxf,,,,,41.3728,-73.8502,anonymous,EN,4,4,5,"1,5",2,"10,1",40,41,25,42,40,"8,6,12,2,10,3,11","1,14","9,5,7,4,13",,4,6,,,2,,1,,5,7,3,,,1,,,,,,,,,,,,,2,,,,4,2,,3,,1,,,,5,,3,2,2,2,1,"Making sure we only speak English in public, avoid dresses",1,4,1,,1,6,14,,1,
7/6/2022 1:26,7/6/2022 1:30,0,73.72.51.105,100,232,1,7/6/2022 1:30,R_DSGNvfTRkbIRLTX,,,,,41.8882,-87.6164,anonymous,EN,4,2,"3,4,5",1,2,10,30,50,0,50,50,14,"1,6,11,3","5,4,2,8,7,9,10,12,13",,,,,,,,,,,,,,1,1,,4,,,2,,,,,3,,,,,3,,2,1,,5,4,6,7,,8,9,,1,2,2,1,1,,1,3,2,,2,6,14,,1,
7/6/2022 8:16,7/6/2022 8:27,0,73.119.197.192,100,679,1,7/6/2022 8:27,R_rfgnL0vaq7sf1iV,,,,,42.3608,-71.2954,anonymous,EN,4,4,8,1,2,10,31,42,27,59,36,"6,12,11","14,3,10,7","1,2,4,5,13,8,9",,,,,,1,,,,,3,2,,,,,2,,,,4,,,3,,,,1,1,2,,3,4,,,6,7,,,,5,,3,2,2,2,2,,1,7,1,,1,6,14,,1,There are passengers can be racist but nothing to do with airline or travel. 
7/7/2022 16:53,7/7/2022 16:58,0,78.18.69.3,100,330,1,7/7/2022 16:58,R_2qkKHGRHP1U85mt,,,,,53.5041,-7.1454,anonymous,EN,4,3,1,1,2,8,54,56,57,57,57,"11,6,10",,"8,2,4,13,5,7,12",,,,,,2,,,,3,1,,,,,,,,,,,,,,,,,,,2,,3,5,,6,1,,,,7,4,,3,2,2,2,2,,1,6,1,,1,2,9,,1,
7/4/2022 6:57,7/4/2022 7:24,0,73.24.79.97,67,1628,0,7/11/2022 7:24,R_puYEIvDJVANH4XL,,,,,,,anonymous,EN,,,,,,,,,,,,,,,,,,,,,,,,,,,,,,,,,,,,,,,,,,,,,,,,,,,,,,,,,,,,,,,,,,,,,,,,
7/4/2022 7:31,7/4/2022 7:33,0,74.64.225.241,43,80,0,7/11/2022 7:33,R_2Y66Tsv3GiP9sge,,,,,,,anonymous,EN,4,3,1,1,,,,,,,,,,,,,,,,,,,,,,,,,,,,,,,,,,,,,,,,,,,,,,,,,,,,,,,,,,,,6,2,,1,2,24,none,,
7/4/2022 7:25,7/4/2022 7:35,0,12.187.13.195,90,609,0,7/11/2022 7:35,R_27xKaDjNMCGNDCQ,,,,,,,anonymous,EN,4,3,"5,6",1,1,8,50,50,67,54,86,"2,10,12,11,6","9,8","14,13",,1,,,,5,,,,2,4,3,,,,,,,,,,2,1,,,,,,,,,,,,,,,,,,2,1,3,2,2,2,,,2,2,1,,1,6,14,,5,
7/4/2022 7:37,7/4/2022 7:46,0,24.117.193.252,52,558,0,7/11/2022 7:46,R_9RZg0vuUEIdrqDL,,,,,,,anonymous,EN,4,3,1,1,2,8,,,,,,,,,,,,,,,,,,,,,,,,,,,,,,,,,,,,,,,,,,,,,,,,,,,,,,,,,,4,1,,1,2,24,"I probably fall somewhere between agnostic and Buddhist, but appreciate teachings of other religions",,
7/4/2022 8:33,7/4/2022 8:35,0,186.65.90.120,57,136,0,7/11/2022 8:35,R_xuBsnnWI1WuDCWR,,,,,,,anonymous,EN,4,3,3,1,2,8,56,80,79,80,80,,,,,,,,,,,,,,,,,,,,,,,,,,,,,,,,,,,,,,,,,,,,,,,,,,,,,5,1,,1,1,22,,,
7/4/2022 8:34,7/4/2022 8:36,0,64.38.187.195,43,87,0,7/11/2022 8:36,R_2951iNQV0PEzh3J,,,,,,,anonymous,EN,4,4,3,1,,,,,,,,,,,,,,,,,,,,,,,,,,,,,,,,,,,,,,,,,,,,,,,,,,,,,,,,,,,,5,1,,1,6,6,,,
7/4/2022 9:37,7/4/2022 9:39,0,75.43.54.125,57,131,0,7/11/2022 9:39,R_pno98WQYLSVkL7z,,,,,,,anonymous,EN,4,5,5,1,2,1,7,,,,,,,,,,,,,,,,,,,,,,,,,,,,,,,,,,,,,,,,,,,,,,,,,,,,,,,,,3,1,,2,6,14,,,
7/4/2022 9:40,7/4/2022 9:44,0,162.196.27.248,57,263,0,7/11/2022 9:44,R_vUA3xY3PTgkv8bL,,,,,,,anonymous,EN,4,,1,6,2,9,,,,,,,,,,,,,,,,,,,,,,,,,,,,,,,,,,,,,,,,,,,,,,,,,,,,,,,,,,4,7,,1,11,25,,,
7/4/2022 9:40,7/4/2022 9:45,0,97.68.53.198,95,296,0,7/11/2022 9:45,R_2abLo2G9GFxCpCx,,,,,,,anonymous,EN,4,4,"4,5","1,5",2,"1,2,6",62,,31,69,75,"6,10,8",,"11,13,1,9,7",,,,,,1,,3,,2,,,,,,,,,,,,,,,,,,,3,,,,,,5,,4,,1,,2,,3,2,2,2,1,,1,3,2,,1,6,14,,1,
7/4/2022 10:07,7/4/2022 10:10,0,74.102.88.219,90,162,0,7/11/2022 10:10,R_2sUao3nHq5gevjN,,,,,,,anonymous,EN,4,3,5,5,2,8,36,54,36,41,,,,,,,,,,,,,,,,,,,,,,,,,,,,,,,,,,,,,,,,,,,,,,,3,3,2,3,,,1,3,2,,2,6,14,,13,
7/4/2022 10:14,7/4/2022 10:15,0,71.47.179.31,5,19,0,7/11/2022 10:15,R_3CCtwL93uqprlZ0,,,,,,,anonymous,EN,4,,,,,,,,,,,,,,,,,,,,,,,,,,,,,,,,,,,,,,,,,,,,,,,,,,,,,,,,,,,,,,,,,,,,,,,
7/4/2022 10:21,7/4/2022 10:22,0,97.103.102.165,24,66,0,7/11/2022 10:22,R_2waXSNVEBm3QYoJ,,,,,,,anonymous,EN,4,,,,,,,,,,,,,,,,,,,,,,,,,,,,,,,,,,,,,,,,,,,,,,,,,,,,,,,,,,,,,,,4,2,,1,6,14,,,
7/4/2022 10:23,7/4/2022 10:25,0,68.204.122.131,52,94,0,7/11/2022 10:25,R_3KVkJ1xbXImlmfV,,,,,,,anonymous,EN,4,4,1,1,2,8,,,,,,,,,,,,,,,,,,,,,,,,,,,,,,,,,,,,,,,,,,,,,,,,,,,,,,,,,,3,2,,1,6,14,,,
7/4/2022 7:33,7/4/2022 10:49,0,98.117.68.244,52,11775,0,7/11/2022 10:49,R_ezb0dY2aavmarCN,,,,,,,anonymous,EN,4,3,5,1,2,9,,,,,,,,,,,,,,,,,,,,,,,,,,,,,,,,,,,,,,,,,,,,,,,,,,,,,,,,,,5,2,,2,9,14,,,
7/4/2022 12:10,7/4/2022 12:10,0,64.252.195.94,14,37,0,7/11/2022 12:10,R_3PGgLGWkIxcUZF2,,,,,,,anonymous,EN,4,,,,,,,,,,,,,,,,,,,,,,,,,,,,,,,,,,,,,,,,,,,,,,,,,,,,,,,,,,,,,,,,,,1,6,,,,
7/4/2022 12:34,7/4/2022 12:36,0,184.88.138.148,0,117,0,7/11/2022 12:36,R_ptPLmUDdFSNL4bL,,,,,,,anonymous,EN,4,,,,,,,,,,,,,,,,,,,,,,,,,,,,,,,,,,,,,,,,,,,,,,,,,,,,,,,,,,,,,,,,,,,,,,,
7/4/2022 12:38,7/4/2022 12:39,0,73.48.151.52,29,72,0,7/11/2022 12:39,R_3HM0xcsZmDtSOrx,,,,,,,anonymous,EN,4,,,,,,,,,,,,,,,,,,,,,,,,,,,,,,,,,,,,,,,,,,,,,,,,,,,,,,,,,,,,,,,2,2,,1,6,14,,,
7/4/2022 13:39,7/4/2022 13:41,0,99.154.196.182,67,163,0,7/11/2022 13:42,R_3lG489Jn4ZuBFxL,,,,,,,anonymous,EN,4,4,1,1,2,8,50,50,50,50,50,,,,,,,,,,,,,,,,,,,,,,,,,,,,,,,,,,,,,,,,,,,,,,,,,,,,,3,2,,7,11,25,,13,
7/4/2022 13:48,7/4/2022 13:48,0,99.128.7.1,29,31,0,7/11/2022 13:48,R_12r1IB1CiognXH0,,,,,,,anonymous,EN,4,,,,,,,,,,,,,,,,,,,,,,,,,,,,,,,,,,,,,,,,,,,,,,,,,,,,,,,,,,,,,,,3,2,,2,6,14,,,
7/4/2022 15:01,7/4/2022 15:03,0,142.196.117.39,57,130,0,7/11/2022 15:03,R_2PutTw4HcNBmGyh,,,,,,,anonymous,EN,4,4,1,1,2,"1,8",100,75,75,75,75,,,,,,,,,,,,,,,,,,,,,,,,,,,,,,,,,,,,,,,,,,,,,,,,,,,,,4,2,,2,6,14,,,
7/4/2022 15:08,7/4/2022 15:09,0,23.121.93.220,33,77,0,7/11/2022 15:09,R_uqcu2bJ0ixMWBdT,,,,,,,anonymous,EN,4,,,,,,,,,,,,,,,,,,,,,,,,,,,,,,,,,,,,,,,,,,,,,,,,,,,,,,,,,,,,,,,,,,1,1,24,,,
7/4/2022 15:35,7/4/2022 15:38,0,172.58.221.175,48,162,0,7/11/2022 15:38,R_3De9jREbP1BIYy4,,,,,,,anonymous,EN,4,2,3,1,2,8,,,,,,,,,,,,,,,,,,,,,,,,,,,,,,,,,,,,,,,,,,,,,,,,,,,,,,,,,,6,2,,1,6,13,,,
7/11/2022 21:09,7/11/2022 21:13,0,94.195.103.189,100,267,1,7/11/2022 21:13,R_3dSKk7NezCqoL5j,,,,,51.7219,0.4811,anonymous,EN,4,3,4,1,2,10,100,100,90,100,100,,,,,,,,,,,,,,,,,,,,,,,,,,,,,,,,,,,,,,,,,,,,,,3,2,2,2,2,,1,5,2,,1,2,14,,7,
7/4/2022 23:32,7/4/2022 23:33,0,76.67.84.46,0,19,0,7/11/2022 23:33,R_2v68O8EY8bIVict,,,,,,,anonymous,EN,4,,,,,,,,,,,,,,,,,,,,,,,,,,,,,,,,,,,,,,,,,,,,,,,,,,,,,,,,,,,,,,,,,,,,,,,
7/4/2022 23:50,7/4/2022 23:51,0,24.228.166.182,29,36,0,7/11/2022 23:51,R_2e81JDwGgEHGsK9,,,,,,,anonymous,EN,4,4,5,1,2,10,,,,,,,,,,,,,,,,,,,,,,,,,,,,,,,,,,,,,,,,,,,,,,,,,,,,,,,,,,,,,,,,,,
7/5/2022 7:06,7/5/2022 7:07,0,69.242.75.165,10,30,0,7/12/2022 7:07,R_3J7NsQqhfS4e19g,,,,,,,anonymous,EN,4,4,,,,,,,,,,,,,,,,,,,,,,,,,,,,,,,,,,,,,,,,,,,,,,,,,,,,,,,,,,,,,,,,,,,,,,
7/5/2022 8:40,7/5/2022 8:42,0,172.58.189.155,33,128,0,7/12/2022 8:42,R_3ixyCKtyQGGThEv,,,,,,,anonymous,EN,4,4,1,1,2,10,50,50,50,50,50,,,,,,,,,,,,,,,,,,,,,,,,,,,,,,,,,,,,,,,,,,,,,,,,,,,,,,,,,,,,,
7/6/2022 9:02,7/6/2022 9:10,0,216.68.102.249,90,534,0,7/13/2022 9:10,R_Do8RDJDITlmTsWZ,,,,,,,anonymous,EN,4,2,"4,5",1,2,1,50,50,10,10,50,6,,,,,,,,1,,,,,,,,,,,,,,,,,,,,,,,,,,,,,,,,,,,,,3,1,2,1,2,,1,4,1,,1,,14,,,
7/6/2022 10:36,7/6/2022 10:38,0,32.141.42.174,33,134,0,7/13/2022 10:38,R_ahMIEpY0K3EVkyt,,,,,,,anonymous,EN,4,4,"3,5","1,5",2,"10,1",0,,,,,,,,,,,,,,,,,,,,,,,,,,,,,,,,,,,,,,,,,,,,,,,,,,,,,,,,,,,,,,,,,
7/14/2022 1:23,7/14/2022 1:29,0,24.176.75.55,100,355,1,7/14/2022 1:29,R_2XojNShohyvDo7z,,,,,34.6923,-82.2919,anonymous,EN,4,4,"3,6",1,2,8,45,47,24,47,45,"11,3,14","6,10","8,7,13,12,4,9,5,2,1",,,2,,,,,,,,1,,,3,,,,,,1,,,,2,,,,,9,8,,5,7,,2,1,6,,,4,3,,3,2,2,2,2,,2,6,1,,1,1,25,,1,"I was profiled as a drug courier based on my youth, race, gender during international travel"
7/5/2022 16:58,7/9/2022 19:25,0,107.116.79.43,29,354418,0,7/16/2022 19:25,R_2WwcVWrX4nYbu5e,,,,,,,anonymous,EN,4,3,,1,,8,,,,,,,,,,,,,,,,,,,,,,,,,,,,,,,,,,,,,,,,,,,,,,,,,,,,,,,,,,,,,,,,,,
7/18/2022 8:17,7/18/2022 8:20,0,136.226.48.246,100,194,1,7/18/2022 8:20,R_3nOD9OVHTCMUSNV,,,,,36.039,-78.878,anonymous,EN,4,3,1,1,2,"10,2",50,50,50,50,50,"14,6,11,3",12,"1,2,9,4,5,7,13,8,10",,,4,,,2,,,,,3,,,1,,,,,,,,,,,,1,,,1,2,,4,5,,6,8,3,9,,,7,,3,2,2,2,2,,1,4,2,,1,1,9,,1,
7/11/2022 11:36,7/11/2022 11:36,0,52.119.123.177,10,16,0,7/18/2022 11:36,R_1IgeNqWG8Y644Ca,,,,,,,anonymous,EN,4,3,,,,,,,,,,,,,,,,,,,,,,,,,,,,,,,,,,,,,,,,,,,,,,,,,,,,,,,,,,,,,,,,,,,,,,
7/26/2022 16:16,7/26/2022 16:32,0,73.24.79.97,48,967,0,8/2/2022 16:32,R_1XJt6ZJVsXTw0ox,,,,,,,anonymous,EN,,,,,,,,,,,,,,,,,,,,,,,,,,,,,,,,,,,,,,,,,,,,,,,,,,,,,,,,,,,,,,,,,,,,,,,,
8/9/2022 7:15,8/9/2022 7:26,0,173.79.133.223,100,646,1,8/9/2022 7:26,R_2qvNKbK4qsRCLgB,,,,,39.0258,-77.3983,anonymous,EN,4,3,5,1,2,"10,8",60,63,70,70,40,14,,,,,,,,,,,,,,,,1,,,,,,,,,,,,,,,,,,,,,,,,,,,,,3,2,2,1,2,,1,6,2,,1,6,14,,13,"Used to get SSSS on my boarding card a lot, but not so much now"
8/9/2022 9:19,8/9/2022 9:23,0,74.70.96.86,100,257,1,8/9/2022 9:23,R_vq24Qng4CgV2skV,,,,,42.7273,-73.6696,anonymous,EN,4,3,1,1,2,10,51,51,52,51,50,,,"2,4,9,13,5",,,,,,,,,,,,,,,,,,,,,,,,,,,,,,1,,2,5,,,,3,,,,4,,3,2,2,2,2,,1,6,2,,7,6,14,,13,
8/9/2022 9:54,8/9/2022 10:02,0,24.47.182.118,100,422,1,8/9/2022 10:02,R_2YxlH4Yf6K7p42P,,,,,40.4551,-74.4871,anonymous,EN,4,3,1,1,2,8,50,50,50,50,50,14,,"9,12",,,,,,,,,,,,,,1,,,,,,,,,,,,,,,,,,,,,,,1,,,2,,,3,2,2,2,2,,1,6,2,,1,9,14,,,
8/9/2022 10:23,8/9/2022 10:28,0,108.16.119.30,100,297,1,8/9/2022 10:28,R_1o4EV5WbBoYxRiV,,,,,40.2104,-74.8278,anonymous,EN,4,4,"3,4,5",1,2,"10,1,2",41,40,21,20,40,,,,,,,,,,,,,,,,,,,,,,,,,,,,,,,,,,,,,,,,,,,,,,3,2,2,2,2,,1,5,2,,1,6,14,,1,
8/9/2022 10:41,8/9/2022 10:48,0,172.58.205.18,100,412,1,8/9/2022 10:48,R_2Tu9PmcDcwx1D0n,,,,,39.9945,-75.1648,anonymous,EN,4,3,5,5,2,"10,1",,,,50,50,,,,,,,,,,,,,,,,,,,,,,,,,,,,,,,,,,,,,,,,,,,,,,3,1,2,1,2,,1,3,2,,1,6,14,,5,WHENEVER I TRAVEL THEY CHOSE ME FOR SECONDARY WITH MY 8 AND 9 YEAR OLD KIDS. 
8/9/2022 11:24,8/9/2022 11:30,0,23.28.64.21,100,315,1,8/9/2022 11:30,R_10PnYCRu6XPhKoJ,,,,,42.2886,-83.4641,anonymous,EN,4,4,"4,5",1,2,10,52,50,50,51,52,,,,,,,,,,,,,,,,,,,,,,,,,,,,,,,,,,,,,,,,,,,,,,3,2,2,2,1,Contacted US Senator's office ,1,6,2,,1,6,14,,1,
8/9/2022 11:04,8/9/2022 11:31,0,172.58.165.13,100,1625,1,8/9/2022 11:31,R_8GIKESSQj4AUI4p,,,,,41.9704,-87.7036,anonymous,EN,4,3,1,1,2,"10,8,9",5,89,1,2,80,"3,14,6","12,10,11","13,2,7,8,1,5,9",,,1,,,3,,,,,,,,2,,,,,,,,,,2,3,1,,,5,2,,,6,,3,4,7,,,,1,,3,2,2,1,1,,1,6,2,,1,6,14,,13,"1) once on  Miami airport, was coming from carribean i missed my flight to back home (Chicago). He asked one question ""why did I traveled to Saudi Arabia?"" The answer was obvious ""to visit holy places in Islam "" but my flights was missed ....i had to check-in to hotel to take early morning flight 2) once on Boston airport they stripped seach me to the extent that i was almost feeling naked"
8/9/2022 11:46,8/9/2022 11:54,0,119.73.124.173,100,486,1,8/9/2022 11:54,R_3R8CIqbg3m2fXbu,,,,,33.7233,73.0435,anonymous,EN,4,4,"3,4,5",1,2,10,15,45,45,50,40,"12,6",,"13,10,9,5,4,2,1",,,,,,2,,,,,,1,,,,,,,,,,,,,,,,,7,6,,5,4,,,,3,2,,,1,,3,1,2,1,2,,1,4,2,,1,6,14,,1,"I usually don't have any issue during domestic air travel but almost been sent for secondary ""random security check"" and being interrogated as if I am a terrorist or some other type of criminal. "
8/9/2022 11:49,8/9/2022 11:55,0,68.37.64.253,100,374,1,8/9/2022 11:55,R_2zuTXBPKt96Urx1,,,,,42.3313,-83.4656,anonymous,EN,4,3,1,1,2,8,50,50,50,50,50,6,,,,,,,,1,,,,,,,,,,,,,,,,,,,,,,,,,,,,,,,,,,,,,3,2,2,2,2,,1,6,2,,1,9,14,,9,
8/9/2022 10:04,8/9/2022 12:22,0,108.41.52.55,100,8304,1,8/9/2022 12:22,R_WBC4sQgsU3YEt3P,,,,,40.7041,-73.6184,anonymous,EN,4,4,1,1,2,"1,2",76,78,74,79,74,3,12,13,,,1,,,,,,,,,,,,,,,,,,,,,,,1,,,,,,,,,,,,,,,1,,3,2,2,2,2,,1,6,2,,1,6,14,,6,"After 9/11 they start stopping me and asking me few questions, then an agent advice me to start using my middle name everywhere. So I did and then no more stopping"
8/9/2022 12:23,8/9/2022 12:29,0,108.41.52.55,100,358,1,8/9/2022 12:29,R_33BEA77ZFPlPb9I,,,,,40.7041,-73.6184,anonymous,EN,4,4,5,1,2,"10,1,2",69,73,70,62,77,3,10,13,,,1,,,,,,,,,,,,,,,,,,,,,1,,,,,,,,,,,,,,,,,1,,3,2,2,2,2,,1,6,2,,1,6,14,,6,Since 9/11 they were questioning me at the US local airports and then an agent asked me that I should add my full middle name so I started using my middle name and then never questioned on US local airports 
8/9/2022 12:31,8/9/2022 12:37,0,172.58.228.77,100,400,1,8/9/2022 12:37,R_qF3iQ3LUGghp1Id,,,,,40.7009,-73.9461,anonymous,EN,4,4,"3,4,5",1,2,"10,8",71,,67,54,78,,,,,,,,,,,,,,,,,,,,,,,,,,,,,,,,,,,,,,,,,,,,,,3,2,2,2,2,,3,5,2,,1,6,14,,1,Once I have been stoped by Custom people at JFK Airport .. very Long discussions with them too long to write.. worst experience.. felt i was target purposely 
8/9/2022 12:39,8/9/2022 12:42,0,104.28.58.13,100,194,1,8/9/2022 12:42,R_u3ujtlpEqcxhJpT,,,,,40.8681,-73.4094,anonymous,EN,4,4,5,1,2,"10,1",50,49,15,66,64,10,,,,,,,,,,,,1,,,,,,,,,,,,,,,,,,,,,,,,,,,,,,,,,3,2,2,2,2,,1,4,1,,1,6,,,1,While arriving back from international travel the immigration Al female office was very rude to me saying to step back and snatching passports from my hands
8/9/2022 12:57,8/9/2022 13:05,0,128.107.241.169,100,455,1,8/9/2022 13:05,R_bPchVcpfA9fxFYd,,,,,37.4371,-121.8954,anonymous,EN,4,3,3,1,2,"10,8",50,50,50,50,50,"11,12,10,3,1,8,6,14,9",,"2,5,4,13,7",5,,4,,,7,,6,9,3,1,2,,8,,,,,,,,,,,,,,,,1,,3,2,,5,,,,,,4,,3,2,2,2,1,Global Entry/Known Traveler ID,1,5,2,,2,6,14,,1,
8/9/2022 12:52,8/9/2022 14:22,0,166.205.159.34,100,5351,1,8/9/2022 14:22,R_3knrwewjWF1J3FJ,,,,,26.2681,-80.2092,anonymous,EN,4,4,1,1,2,10,50,50,5,,5,"12,8",,,,,,,,,,2,,,,1,,,,,,,,,,,,,,,,,,,,,,,,,,,,,,,3,2,2,2,3,,3,5,2,,2,6,14,,1,
8/9/2022 14:19,8/9/2022 14:25,0,104.28.85.64,100,368,1,8/9/2022 14:25,R_11d0YBtylz6r4T6,,,,,33.838,-117.9189,anonymous,EN,4,3,4,1,2,10,94,95,95,94,95,3,12,"4,13,7,5,2",,,1,,,,,,,,,,,,,,,,,,,,,,,1,,,,5,,1,4,,3,,,,,,2,,3,2,2,2,2,,1,5,2,,1,6,25,,13,"Traveling on a foreign passport was nightmare scenario after 9/11 but after becoming US citizen and getting TSA pre check, I found flying to be very smooth and pleasant experience "
8/9/2022 14:28,8/9/2022 14:32,0,47.199.238.210,100,242,1,8/9/2022 14:32,R_2ZQ4Ai2UVOwdj84,,,,,28.0406,-82.3951,anonymous,EN,4,3,1,1,2,8,100,50,100,50,50,"6,1,10,11,3,9","13,2,14,8,12","4,5,7",2,,5,,,1,,,6,3,4,,,,,2,,,,,,4,,,,5,1,3,,,,1,2,,3,,,,,,,,3,2,2,2,2,,1,4,2,,1,6,14,,,
8/9/2022 17:43,8/9/2022 17:48,0,47.199.238.210,100,300,1,8/9/2022 17:48,R_125bBr1dW15wsZf,,,,,28.0406,-82.3951,anonymous,EN,4,3,5,1,2,1,50,50,20,50,50,"6,10,14,11,3","12,8","2,9,4,1,5,7,13",,,5,,,1,,,,2,4,,,3,,,,,,,,2,,,,1,,,4,1,,3,5,,6,,2,,,,7,,3,2,2,2,2,,1,4,1,,1,2,14,,13,
8/9/2022 22:43,8/9/2022 22:48,0,97.75.163.35,100,292,1,8/9/2022 22:48,R_2BwVYg0QiPIhQUg,,,,,40.5084,-111.8838,anonymous,EN,4,3,1,1,2,8,50,50,75,50,50,"14,6",,,,,,,,2,,,,,,,,1,,,,,,,,,,,,,,,,,,,,,,,,,,,,,3,2,2,2,2,,1,4,2,,2,6,14,,1,
8/10/2022 1:37,8/10/2022 6:09,0,67.190.136.116,100,16275,1,8/10/2022 6:09,R_2awyX5Ytsn5DShP,,,,,39.6562,-104.7866,anonymous,EN,4,2,"3,5,7",1,2,"10,8",21,50,50,28,50,"6,8,14","11,12,3","5,2,13,4,7,9,10",,,,,,1,,2,,,,,,3,,,3,,,,,,,,1,2,,,,2,,4,1,,5,,6,7,,,3,,3,1,2,1,1,Global entry registration ,1,5,2,,1,6,14,,6,
8/11/2022 4:12,8/11/2022 4:18,0,172.58.219.80,100,327,1,8/11/2022 4:18,R_33aobVtZuDMOAmq,,,,,42.0774,-71.0446,anonymous,EN,4,4,1,1,2,1,50,49,26,54,53,"14,3,12,10,6",,"11,7,4,2,1,9,5,8,13",,,2,,,5,,,,4,,3,,1,,,,,,,,,,,,,,,5,4,,3,7,,2,8,6,,1,,9,,3,2,2,2,2,,1,4,1,,1,9,14,,1,
8/11/2022 15:39,8/11/2022 16:09,0,142.196.169.70,100,1788,1,8/11/2022 16:09,R_1OHQyRsD5SjWYxn,,,,,28.5436,-81.3738,anonymous,EN,4,4,3,1,2,8,70,50,30,50,50,"6,10,11","12,8,3,14","1,13,4,2,9,5,7",,,,,,1,,,,2,3,,,,,,3,,,,,2,,,,1,,4,1,4,,3,6,,7,,5,,,,2,,1,2,2,2,1,"Be kind and look everyone in the eye because whether I get profiled or not, you're gonna respect me.",1,3,2,,1,1,24,Omnist,1,"An international flight moved two hours earlier the day before takeoff and I did not notice. When I arrived at the gate, I actually arrived with the pilot who was on the transport train with me. It was just the two of us. When we got to the gate, he got on the plane and I wasn't allowed on the plane because the process to verify my information would ""take too long."" The flight attendant didn't try or give an opportunity when all of my information was in my hands and ready to go. She displayed assertiveness and refused to let me finish my sentences without interrupting. The pilot stayed out of it, got on the plane, and took off. I went through several international customs during my trip through various countries, including another flight to the same destination in the same airport on the same day for 4x the price and the approval process for the flight took less than five minutes. She could have helped me but it felt racially motivated based on me being late for flight I originally would've been early for. It took a full month to get my money back after building a case based on her behavior, and the behavior of several airline representatives and the poor customer service proved to be undeniable. Avianca was the airline."
8/15/2022 8:57,8/15/2022 9:26,0,99.157.50.204,100,1768,1,8/15/2022 9:26,R_9WZKPFe6CopIVc5,,,,,33.852,-84.1152,anonymous,EN,4,4,"3,4,5",1,2,"10,1,2",61,62,15,19,60,"11,12",6,,,,,,,,,,,,1,2,,,,,,,,1,,,,,,,,,,,,,,,,,,,,,,,3,2,2,1,2,,1,7,2,,1,6,14,,6,"Extra checking of my hand carry at London Heathrow Airport after x-ray clearance while I was traveling with my grands aging one, three and six and my daughter in law when I was about to miss my flight to US, couple of weeks ago. Also one of the flight attendants passed comments with adverse attitude. "
8/9/2022 6:11,8/9/2022 6:14,0,172.58.27.161,24,203,0,8/16/2022 6:14,R_8IBR9qzKFaxWBMd,,,,,,,anonymous,EN,4,2,1,1,2,,,,,,,,,,,,,,,,,,,,,,,,,,,,,,,,,,,,,,,,,,,,,,,,,,,,,,,,,,,,,,,,,,,
8/9/2022 9:49,8/9/2022 9:52,0,172.4.65.45,29,167,0,8/16/2022 9:52,R_3DkgB27pwQDzWXt,,,,,,,anonymous,EN,4,3,3,5,2,10,,,,,,,,,,,,,,,,,,,,,,,,,,,,,,,,,,,,,,,,,,,,,,,,,,,,,,,,,,,,,,,,,,
8/9/2022 9:55,8/9/2022 9:57,0,107.77.226.195,24,89,0,8/16/2022 9:57,R_3OqUdL0WmqpF1AV,,,,,,,anonymous,EN,4,4,1,1,2,,,,,,,,,,,,,,,,,,,,,,,,,,,,,,,,,,,,,,,,,,,,,,,,,,,,,,,,,,,,,,,,,,,
8/9/2022 10:30,8/9/2022 10:33,0,67.163.8.49,33,184,0,8/16/2022 10:33,R_3frdigwq8UR5OOn,,,,,,,anonymous,EN,4,3,1,1,2,1,,,1,,1,,,,,,,,,,,,,,,,,,,,,,,,,,,,,,,,,,,,,,,,,,,,,,,,,,,,,,,,,,,,,
8/9/2022 10:43,8/9/2022 10:43,0,172.58.99.193,5,6,0,8/16/2022 10:43,R_pM1r5HsOnP8uRA5,,,,,,,anonymous,EN,4,,,,,,,,,,,,,,,,,,,,,,,,,,,,,,,,,,,,,,,,,,,,,,,,,,,,,,,,,,,,,,,,,,,,,,,
8/9/2022 11:47,8/9/2022 11:47,0,24.186.210.52,5,16,0,8/16/2022 11:47,R_Ok7mluWk8cjshXz,,,,,,,anonymous,EN,4,,,,,,,,,,,,,,,,,,,,,,,,,,,,,,,,,,,,,,,,,,,,,,,,,,,,,,,,,,,,,,,,,,,,,,,
8/9/2022 11:50,8/9/2022 11:51,0,107.5.92.95,14,63,0,8/16/2022 11:51,R_1E5JQtTwqwHfmLZ,,,,,,,anonymous,EN,4,4,1,,,,,,,,,,,,,,,,,,,,,,,,,,,,,,,,,,,,,,,,,,,,,,,,,,,,,,,,,,,,,,,,,,,,,
8/9/2022 11:59,8/9/2022 11:59,0,172.58.37.197,10,31,0,8/16/2022 11:59,R_1qWyGD8teu1D4vT,,,,,,,anonymous,EN,4,2,,,,,,,,,,,,,,,,,,,,,,,,,,,,,,,,,,,,,,,,,,,,,,,,,,,,,,,,,,,,,,,,,,,,,,
8/9/2022 13:20,8/9/2022 13:21,0,73.204.79.84,24,94,0,8/16/2022 13:21,R_1rw8DL0AxhyN5iI,,,,,,,anonymous,EN,4,4,"3,4,5",2,2,,,,,,,,,,,,,,,,,,,,,,,,,,,,,,,,,,,,,,,,,,,,,,,,,,,,,,,,,,,,,,,,,,,
8/9/2022 17:40,8/9/2022 17:42,0,101.113.206.249,24,111,0,8/16/2022 17:42,R_1gRMRkpX9LVtQ70,,,,,,,anonymous,EN,4,4,4,1,2,,,,,,,,,,,,,,,,,,,,,,,,,,,,,,,,,,,,,,,,,,,,,,,,,,,,,,,,,,,,,,,,,,,
8/9/2022 21:49,8/9/2022 21:56,0,24.38.254.59,95,454,0,8/16/2022 21:56,R_1rdFbJagmtqLW5u,,,,,,,anonymous,EN,4,,"3,4,5",1,2,10,34,44,32,100,100,,10,,,,,,,,,,,,,,,,,,,,,,,,,1,,,,,,,,,,,,,,,,,,,3,1,2,1,,,1,5,2,,1,6,14,,1,
8/9/2022 23:41,8/9/2022 23:44,0,165.225.230.114,33,229,0,8/16/2022 23:44,R_3Ld87cKFF4w3I1K,,,,,,,anonymous,EN,4,4,4,1,2,10,50,50,25,50,50,,,,,,,,,,,,,,,,,,,,,,,,,,,,,,,,,,,,,,,,,,,,,,,,,,,,,,,,,,,,,
8/9/2022 23:43,8/9/2022 23:45,0,125.209.127.147,24,64,0,8/16/2022 23:45,R_Uc22ruz2PcanGE1,,,,,,,anonymous,EN,4,4,1,1,2,,,,,,,,,,,,,,,,,,,,,,,,,,,,,,,,,,,,,,,,,,,,,,,,,,,,,,,,,,,,,,,,,,,
8/9/2022 23:44,8/9/2022 23:48,0,202.47.37.36,33,245,0,8/16/2022 23:48,R_1d3HVm2iaKt4Oab,,,,,,,anonymous,EN,4,3,4,1,2,10,,,66,65,82,,,,,,,,,,,,,,,,,,,,,,,,,,,,,,,,,,,,,,,,,,,,,,,,,,,,,,,,,,,,,
8/9/2022 23:43,8/9/2022 23:53,0,39.50.147.178,29,657,0,8/16/2022 23:54,R_rrMvvLlju1LQCnD,,,,,,,anonymous,EN,4,5,8,6,2,1,,,,,,,,,,,,,,,,,,,,,,,,,,,,,,,,,,,,,,,,,,,,,,,,,,,,,,,,,,,,,,,,,,
8/10/2022 6:51,8/10/2022 6:53,0,47.186.111.249,10,141,0,8/17/2022 6:53,R_3iOSBd0opB1FSqQ,,,,,,,anonymous,EN,4,3,,,,,,,,,,,,,,,,,,,,,,,,,,,,,,,,,,,,,,,,,,,,,,,,,,,,,,,,,,,,,,,,,,,,,,
8/10/2022 15:44,8/10/2022 15:44,0,76.23.161.196,5,14,0,8/17/2022 15:44,R_1hBaMvkI79UGeop,,,,,,,anonymous,EN,4,,,,,,,,,,,,,,,,,,,,,,,,,,,,,,,,,,,,,,,,,,,,,,,,,,,,,,,,,,,,,,,,,,,,,,,
8/15/2022 9:34,8/15/2022 9:35,0,76.31.47.30,24,85,0,8/22/2022 9:36,R_2tD5XoPRieF20XN,,,,,,,anonymous,EN,4,4,,6,2,,,,,,,,,,,,,,,,,,,,,,,,,,,,,,,,,,,,,,,,,,,,,,,,,,,,,,,,,,,,,,,,,,,
8/15/2022 10:48,8/15/2022 10:52,0,206.84.132.222,19,242,0,8/22/2022 10:52,R_2dKkg4W7MyfKVbe,,,,,,,anonymous,EN,4,5,1,6,,,,,,,,,,,,,,,,,,,,,,,,,,,,,,,,,,,,,,,,,,,,,,,,,,,,,,,,,,,,,,,,,,,,
8/25/2022 15:03,8/25/2022 16:47,0,75.112.65.18,100,6240,1,8/25/2022 16:47,R_vleLe84pSy4MT4J,,,,,28.7935,-81.2868,anonymous,EN,4,2,,,,,70,70,45,61,65,3,6,,,,1,,,,,,,,,,,,,,,,,1,,,,,,,,,,,,,,,,,,,,,,,,,,,,,,,,,,,,,,
8/26/2022 23:01,8/26/2022 23:11,0,98.212.196.107,100,595,1,8/26/2022 23:11,R_2E75v745FjdoK6I,,,,,42.0221,-88.1705,anonymous,EN,4,3,1,1,2,10,90,,75,90,,"3,14,6,11,9,10",,"12,8,1,5,2,7,4,13",,,1,,,3,,,5,6,4,,,2,,,,,,,,,,,,,,,3,5,,7,4,,6,2,,,,1,8,,3,2,2,2,2,,1,6,1,,1,6,14,,"1,9",National within US travel is easy. International Travel is bit challenging. Felt other Countries profile 
8/22/2022 6:37,8/22/2022 6:37,0,174.204.138.55,5,8,0,8/29/2022 6:37,R_3hxpkobHhdWp9z0,,,,,,,anonymous,EN,4,,,,,,,,,,,,,,,,,,,,,,,,,,,,,,,,,,,,,,,,,,,,,,,,,,,,,,,,,,,,,,,,,,,,,,,
8/25/2022 17:14,8/29/2022 9:57,0,142.196.169.70,95,319416,0,9/5/2022 9:57,R_Olp19s59NXSCrex,,,,,,,anonymous,EN,,4,,,,,69,60,35,69,60,,,,,,,,,,,,,,,,,,,,,,,,,,,,,,,,,,,,,,,,,,,,,,,,,,,,,,,,1,3,,,,
9/26/2022 9:38,9/26/2022 9:45,0,174.206.172.187,100,449,1,9/26/2022 9:45,R_3Jyikc4qr9PNyq2,,,,,40.8949,-74.011,anonymous,EN,4,4,1,1,3,"10,2",13,34,2,63,43,6,12,13,,,,,,1,,,,,,,,,,,,,,,,,,,,1,,,,,,,,,,,,,,,1,,3,1,2,2,1,,1,6,2,,1,6,14,,6,
1/1/2023 23:09,1/1/2023 23:18,0,107.136.220.245,100,525,1,1/1/2023 23:18,R_2sQNEtVtHrH5AGj,,,,,33.6748,-117.9089,anonymous,EN,4,3,2,1,2,8,50,50,60,60,53,"10,6,11,14,1,3",,"7,5,4,9,8,12,13,2",5,,6,,,2,,,,1,3,,,4,,,,,,,,,,,,,,,,8,,3,2,,1,5,4,,,6,7,,3,2,2,2,1,"Being super positive, super nice",1,5,1,,2,2,9,,"5,7","Since I started requesting a wheelchair it's been better. Before, I would cry from pain while standing in lines. However, some airports lack staff (or wheelchairs). Also, I ALWAYS get a strip search. Every time. I don't even care anymore."
1/2/2023 3:45,1/2/2023 3:53,0,91.13.82.128,100,487,1,1/2/2023 3:53,R_25N40alxip627JC,,,,,48.794,9.0164,anonymous,EN,4,3,1,1,2,8,50,50,75,50,50,"6,14,3,11","8,12","2,9,5,4,7,1,13,10",,,3,,,1,,,,,4,,,2,,,,,,,,1,,,,2,,,6,1,,4,3,,5,,2,8,,,7,,3,2,2,2,2,,2,3,1,,1,2,9,,5,"As a white, Christian, female who has traveled to many parts of the world, I have never felt unsafe or unwanted by any airline personnel. "
1/2/2023 6:49,1/2/2023 6:53,0,41.81.132.235,100,188,1,1/2/2023 6:53,R_3p40AAFWvZIDS6X,,,,,-1.2841,36.8155,anonymous,EN,4,3,4,1,2,7,43,30,33,33,46,,,,,,,,,,,,,,,,,,,,,,,,,,,,,,,,,,,,,,,,,,,,,,4,3,3,2,2,,1,4,2,,2,3,9,,13,
1/2/2023 6:56,1/2/2023 7:00,0,90.26.107.151,100,229,1,1/2/2023 7:00,R_3FOuOsYHAQ2Acev,,,,,48.8323,2.4075,anonymous,EN,4,3,4,1,2,"10,8",50,51,53,53,53,6,14,12,,,,,,1,,,,,,,,,,,,,,,,,,,,,,1,,,,,,,,,,,,1,,,3,2,2,1,2,,1,4,1,,2,2,14,,1,"I am Turkish and Bulgarian. Married to an American. When I travel by myself vs when I travel with him, I am treated differently. I was detained in Germany for having two different passports. "
1/2/2023 7:43,1/2/2023 7:47,0,76.110.107.13,100,206,1,1/2/2023 7:47,R_UlRQ6f6OgucdZJf,,,,,26.8238,-80.1407,anonymous,EN,4,3,"4,5",1,2,10,50,51,19,50,50,6,"11,3","1,2,4,5,7,8,9,10,12,13,14",,,,,,1,,,,,,,,,,,2,,,,,,,,1,,,,1,2,,3,4,,5,6,7,8,,9,10,11,3,1,2,2,2,,1,5,2,,1,6,14,,1,
1/2/2023 8:16,1/2/2023 8:22,0,178.165.186.36,100,343,1,1/2/2023 8:22,R_2ZErb9u0oTGgZsq,,,,,48.2372,16.3771,anonymous,EN,4,3,1,1,2,8,82,89,90,87,90,3,,,,,1,,,,,,,,,,,,,,,,,,,,,,,,,,,,,,,,,,,,,,,,3,2,2,2,2,,2,5,1,,2,2,9,,1,
1/2/2023 11:42,1/2/2023 12:06,0,65.128.157.185,100,1441,1,1/2/2023 12:06,R_3HXNmNCo4deIxzM,,,,,45.0123,-93.3447,anonymous,EN,4,3,1,"1,2",2,"10,8",90,80,95,80,90,6,12,"4,2,5,7,9",,,,,,1,,,,,,,,,,,,,,,,,,,,1,,,,2,,1,3,,4,,5,,,,,,3,2,2,1,1,I applied for and received Gloval Entry permit that enabled expedited security check and expedited entry in to the United States. ,1,6,2,,1,6,14,,6,"After the terrorist attacks on 9-11-2001, I was put on the do not fly list because of my name.  After experiencing multiple delays getting a boarding pass,  security checks, immigration,  and customs,  I asked a customs officer what I can do to avoid such delays in the future and clear my name.  He suggested that I apply for Global Entry,  which I promptly did.  Global Entry qualification entails a background check by Federal authorities and an in person interview.   After I was approved for Global Entry,  I was entitled to expedited security checks at the airport abd also a special expedited immigration and customs check upon entry to the US.  I have utilized this service for over 8 years and have not experienced any random checks or delays while traveling.  I recommend this service to anyone who complains about delays or discrimination at the airports. "
1/2/2023 14:34,1/2/2023 14:38,0,73.17.0.101,100,215,1,1/2/2023 14:38,R_1q8tpedt1WAV5IE,,,,,41.3484,-72.9117,anonymous,EN,4,3,1,1,2,8,50,50,20,50,50,"6,3,1","10,11","5,7,13,14,12,2,9,4,8",3,,2,,,1,,,,,,,,,,,,,,,,,,1,2,,,,,6,,8,1,,2,9,7,,,5,3,4,3,2,2,2,2,,2,4,1,,1,2,9,,,
1/3/2023 13:33,1/3/2023 13:40,0,172.58.3.213,100,448,1,1/3/2023 13:40,R_10OiEQ95J4cmEcS,,,,,33.8229,-84.3535,anonymous,EN,4,4,4,2,2,"10,2",52,57,65,65,71,"12,8,11,10","14,7,6","3,13,9,5",,,,,,,,2,,4,3,1,,,,,,,,3,2,,,,,,,1,,,1,,4,,,,3,,,,2,,3,2,2,1,1,,1,5,2,,1,10,14,,13,
1/3/2023 17:46,1/3/2023 17:50,0,47.154.230.181,100,238,1,1/3/2023 17:50,R_TtlV5WjKfM7aOZj,,,,,34.0402,-118.7351,anonymous,EN,4,3,1,1,2,8,81,81,82,82,57,14,"11,12",,,,,,,,,,,,,,,1,,,,,,,,,,,1,2,,,,,,,,,,,,,,,,,3,2,2,2,2,,2,5,1,,1,2,6,,1,
1/3/2023 18:12,1/3/2023 18:16,0,172.58.227.225,100,242,1,1/3/2023 18:16,R_20TDtKgrm4nhfOs,,,,,40.7484,-73.862,anonymous,EN,4,4,1,1,2,8,50,50,50,50,50,"14,10",11,,,,,,,,,,,2,,,,1,,,,,,,,,,,1,,,,,,,,,,,,,,,,,,3,2,2,2,2,,1,4,2,,2,2,6,,1,
1/4/2023 11:19,1/4/2023 11:27,0,104.57.0.131,100,464,1,1/4/2023 11:27,R_8G4j5m8GxpG8tLH,,,,,28.3774,-81.1888,anonymous,EN,4,4,1,1,2,8,50,50,51,51,50,"10,6,11","2,14,3","5,4,1,12,7,13,9,8",,,,,,2,,,,1,3,,,,,1,3,,,,,,,,,,,2,3,,,2,1,,5,8,7,,,4,6,,3,2,2,2,2,,2,7,2,,1,2,24,None,1,N/A
1/5/2023 10:18,1/5/2023 10:22,0,107.116.79.5,100,254,1,1/5/2023 10:22,R_1nSARC1JyI8EvsY,,,,,38.8138,-77.1487,anonymous,EN,4,3,5,1,2,"10,1",50,50,0,50,50,"14,3",,"1,2,6,4,5,7,8,9,10,11,12,13",,,2,,,,,,,,,,,1,,,,,,,,,,,,,,,1,2,,4,5,3,6,7,8,9,10,11,12,,3,1,2,2,2,,1,3,1,,1,6,14,,13,Pat down and chemical test of hijab consistently at Dulles Airport and Roanoke VA airport 
1/1/2023 22:11,1/1/2023 22:13,0,24.22.52.118,29,115,0,1/8/2023 22:14,R_DdDsyVG10vZ5aRX,,,,,,,anonymous,EN,4,4,5,1,2,1,,,,,,,,,,,,,,,,,,,,,,,,,,,,,,,,,,,,,,,,,,,,,,,,,,,,,,,,,,,,,,,,,,
1/1/2023 22:44,1/1/2023 22:44,0,24.245.55.181,5,43,0,1/8/2023 22:44,R_21G3ocZ7HLWhReA,,,,,,,anonymous,EN,4,,,,,,,,,,,,,,,,,,,,,,,,,,,,,,,,,,,,,,,,,,,,,,,,,,,,,,,,,,,,,,,,,,,,,,,
1/1/2023 22:59,1/1/2023 23:00,0,24.6.198.97,19,86,0,1/8/2023 23:00,R_3qeRtGwASIGSVQm,,,,,,,anonymous,EN,4,3,1,1,,,,,,,,,,,,,,,,,,,,,,,,,,,,,,,,,,,,,,,,,,,,,,,,,,,,,,,,,,,,,,,,,,,,
1/1/2023 23:30,1/1/2023 23:30,0,172.56.88.209,5,27,0,1/8/2023 23:30,R_1lAKM1H1blzzZHG,,,,,,,anonymous,EN,4,,,,,,,,,,,,,,,,,,,,,,,,,,,,,,,,,,,,,,,,,,,,,,,,,,,,,,,,,,,,,,,,,,,,,,,
1/2/2023 7:21,1/2/2023 7:22,0,91.110.95.205,10,39,0,1/9/2023 7:22,R_1JQloPoWxhkzUP0,,,,,,,anonymous,EN,4,4,,,,,,,,,,,,,,,,,,,,,,,,,,,,,,,,,,,,,,,,,,,,,,,,,,,,,,,,,,,,,,,,,,,,,,
1/2/2023 10:36,1/2/2023 10:37,0,174.206.43.212,10,46,0,1/9/2023 10:37,R_1Nh9ZcHkusgL6Yw,,,,,,,anonymous,EN,4,3,,,,,,,,,,,,,,,,,,,,,,,,,,,,,,,,,,,,,,,,,,,,,,,,,,,,,,,,,,,,,,,,,,,,,,
1/2/2023 15:20,1/2/2023 15:21,0,209.121.80.84,10,54,0,1/9/2023 15:21,R_3lLcLwBLHpuFMXi,,,,,,,anonymous,EN,4,4,,,,,,,,,,,,,,,,,,,,,,,,,,,,,,,,,,,,,,,,,,,,,,,,,,,,,,,,,,,,,,,,,,,,,,
1/9/2023 21:01,1/9/2023 21:08,0,24.4.182.147,100,439,1,1/9/2023 21:08,R_23WX68Jw6qJCUc3,,,,,37.7045,-122.0742,anonymous,EN,4,4,5,1,2,"10,1",51,53,33,52,42,14,,"2,4,8,7,5,9,10,13,12",,,,,,,,,,,,,,1,,,,,,,,,,,,,,,,1,,2,5,,4,3,6,7,,9,8,,3,2,2,2,2,,1,3,1,,1,6,14,,1,I kept getting pulled over for additional screening at passport control based on my name. I was held in a separate waiting area for them to ask me questions. People who have flown with me have also been detained while I get questioned. I get randomly selected all the time for additional checks. Tsa agents are very aggressive when asking or administering a residue check or my hijab.
1/3/2023 0:51,1/3/2023 0:53,0,176.191.40.152,33,82,0,1/10/2023 0:53,R_1OluDLfq2FU34Fv,,,,,,,anonymous,EN,4,4,4,1,2,7,75,41,20,17,77,,,,,,,,,,,,,,,,,,,,,,,,,,,,,,,,,,,,,,,,,,,,,,,,,,,,,,,,,,,,,
1/3/2023 16:20,1/3/2023 16:21,0,68.196.0.201,29,69,0,1/10/2023 16:21,R_238k3uNKpjJyDoi,,,,,,,anonymous,EN,4,4,"4,7",2,2,8,,,,,,,,,,,,,,,,,,,,,,,,,,,,,,,,,,,,,,,,,,,,,,,,,,,,,,,,,,,,,,,,,,
1/3/2023 17:36,1/3/2023 17:36,0,98.196.162.168,5,20,0,1/10/2023 17:37,R_AtBmFMttMv8cIp3,,,,,,,anonymous,EN,4,,,,,,,,,,,,,,,,,,,,,,,,,,,,,,,,,,,,,,,,,,,,,,,,,,,,,,,,,,,,,,,,,,,,,,,
1/4/2023 23:10,1/4/2023 23:11,0,141.156.49.132,5,61,0,1/11/2023 23:12,R_C7wctSfXVXJEX6N,,,,,,,anonymous,EN,4,,,,,,,,,,,,,,,,,,,,,,,,,,,,,,,,,,,,,,,,,,,,,,,,,,,,,,,,,,,,,,,,,,,,,,,
1/6/2023 13:04,1/6/2023 13:05,0,73.24.79.97,5,46,0,1/13/2023 13:05,R_1NgXGNa0yYkNtre,,,,,,,anonymous,EN,,,,,,,,,,,,,,,,,,,,,,,,,,,,,,,,,,,,,,,,,,,,,,,,,,,,,,,,,,,,,,,,,,,,,,,,
1/23/2023 19:24,1/23/2023 19:42,0,76.94.18.244,100,1098,1,1/23/2023 19:42,R_2rHGDa28xOpl4i4,,,,,34.0803,-117.735,anonymous,EN,4,3,"3,4",1,2,8,53,57,,49,52,6,11,5,,,,,,1,,,,,,,,,,,,,,,,,,,1,,,,,,,,1,,,,,,,,,,1,2,2,2,2,,1,4,1,,1,1,9,,1,
1/24/2023 19:06,1/24/2023 19:20,0,71.126.177.37,100,829,1,1/24/2023 19:20,R_1GHSSoZdM8erVfW,,,,,39.037,-77.0412,anonymous,EN,4,3,4,1,2,10,20,20,10,50,50,,,"9,7,5,4,2,1,11,14,13",,,,,,,,,,,,,,,,,,,,,,,,,,,,,6,5,,4,3,,2,,1,,7,,9,8,3,2,2,1,1,"Got US nationality to finally be able to not be discriminated, but that didn't help one bit ",1,4,2,,1,6,14,,1,"""Ssss"" marked on my boarding pass; huge cross on my re-entry slip; NSeers program secondary screening/interrogation; secondary questioning even with a US passport and child traveling with me. Bad travel experiences start even before the travel. The kind of case your expected to make and defend at the visa interview makes you feel like a criminal,, or at least they make you feel like your guilty of some foulplay untill you prove yourself innocent "
1/24/2023 21:25,1/24/2023 21:35,0,108.30.121.224,100,581,1,1/24/2023 21:35,R_1H5W7ZBqDJDpeZe,,,,,40.66,-73.839,anonymous,EN,4,4,1,1,2,10,50,50,50,50,50,"10,6,14,3",12,"11,9,8,7,4,5,1,2,13",,,4,,,2,,,,1,,,,3,,,,,,,,,,,,1,,,7,8,,5,6,,4,3,2,,1,,9,,3,2,2,2,2,,1,3,1,,1,6,14,,1,
1/24/2023 21:46,1/24/2023 21:51,0,111.119.187.59,100,328,1,1/24/2023 21:51,R_27KAh1ckJxWyFBe,,,,,31.5826,74.3276,anonymous,EN,4,4,4,1,2,10,47,51,12,16,23,"9,4","11,8,12","13,10",,,,2,,,,,1,,,,,,,,,,,,,2,,,1,3,,,,,,,,,,,,2,,,1,,3,2,2,2,2,,1,3,2,,2,6,14,,1,
1/25/2023 10:53,1/25/2023 10:56,0,100.33.170.30,100,165,1,1/25/2023 10:56,R_2wpr9j8Bl1uwf6E,,,,,40.6805,-73.8442,anonymous,EN,4,4,1,2,2,10,50,50,50,50,50,"12,3,6,10","8,11","1,2,4,5,7,9,13,14",,,2,,,3,,,,4,,1,,,,,,,,,,1,,,2,,,,1,2,,3,4,,5,,6,,,,7,8,3,2,2,2,1,Travel with family,1,2,1,,1,6,14,,1,
1/24/2023 21:25,1/24/2023 21:27,0,110.93.199.66,33,125,0,1/31/2023 21:27,R_31YNAts1d42fdQE,,,,,,,anonymous,EN,4,3,3,1,2,"10,1",30,51,10,50,50,,,,,,,,,,,,,,,,,,,,,,,,,,,,,,,,,,,,,,,,,,,,,,,,,,,,,,,,,,,,,
2/1/2023 18:40,2/1/2023 19:07,0,172.58.228.198,100,1606,1,2/1/2023 19:07,R_2zIIMXzzBkJICCX,,,,,40.7484,-73.862,anonymous,EN,4,3,3,1,2,"10,2",50,50,50,50,50,"10,6,3,14,12,11",,"1,2,4,5,7,8,9,13",,,3,,,2,,,,1,6,5,,4,,,,,,,,,,,,,,,1,2,,3,4,,5,6,7,,,,8,,3,2,2,2,2,,1,7,2,,1,6,14,,1,
1/26/2023 15:10,1/26/2023 15:13,0,73.38.117.119,38,150,0,2/2/2023 15:13,R_32J8MC35JfRnIYb,,,,,,,anonymous,EN,4,4,"4,5",1,2,"10,1",50,50,40,50,30,,,,,,,,,,,,,,,,,,,,,,,,,,,,,,,,,,,,,,,,,,,,,,,,,,,,,,,,,,,,,
1/26/2023 15:10,1/26/2023 15:17,0,73.38.117.119,10,442,0,2/2/2023 15:17,R_3kzWEpEfK81z4tF,,,,,,,anonymous,EN,4,5,,,,,,,,,,,,,,,,,,,,,,,,,,,,,,,,,,,,,,,,,,,,,,,,,,,,,,,,,,,,,,,,,,,,,,
1/26/2023 21:06,1/26/2023 21:11,0,130.132.173.50,5,281,0,2/2/2023 21:11,R_1OGIZyApGBLtMdY,,,,,,,anonymous,EN,4,,,,,,,,,,,,,,,,,,,,,,,,,,,,,,,,,,,,,,,,,,,,,,,,,,,,,,,,,,,,,,,,,,,,,,,
2/3/2023 12:24,2/3/2023 12:26,0,130.132.173.169,100,129,1,2/3/2023 12:26,R_29ghRzWzJh7wd7A,,,,,41.3186,-72.9302,anonymous,EN,4,3,1,1,2,8,50,50,50,50,50,"6,3,14,4,5","10,11","1,2,7,8,9,12,13",,,2,4,5,1,,,,,,,,3,,,,,,,,,,1,2,,,,1,2,,,,,3,4,5,,,6,7,,3,2,2,2,2,,2,2,1,,1,6,9,,1,
2/3/2023 12:24,2/3/2023 12:29,0,130.132.173.189,100,265,1,2/3/2023 12:29,R_O88w1tJxz6muREd,,,,,41.3186,-72.9302,anonymous,EN,4,3,1,1,2,8,51,48,82,49,49,,,,,,,,,,,,,,,,,,,,,,,,,,,,,,,,,,,,,,,,,,,,,,3,2,2,2,2,,2,2,2,,1,2,9,,1,
2/3/2023 12:27,2/3/2023 12:30,0,130.132.173.146,100,198,1,2/3/2023 12:30,R_3frdCGh3PfA41Qv,,,,,41.3186,-72.9302,anonymous,EN,4,2,1,1,2,8,61,71,60,80,70,"6,1,3,14","10,11,7","12,4,8,2,5,13,9",2,,3,,,1,,,,,,,,4,,,,,,,3,,,1,2,,,,,4,,2,5,,,3,7,,,1,6,,3,2,2,2,2,,1,2,1,,2,2,9,,1,
2/3/2023 12:25,2/3/2023 12:30,0,130.132.173.163,100,291,1,2/3/2023 12:30,R_248e0HbNgxqFC7o,,,,,41.3186,-72.9302,anonymous,EN,4,3,1,1,2,8,80,67,67,67,71,"3,6",14,"9,5,12,8,13,2,4,10,11,1,7",,,1,,,2,,,,,,,,,,,,,,,,,,,,,,1,10,6,,7,2,,11,4,1,8,9,3,5,,3,2,2,2,2,,2,2,2,,2,2,9,,1,
2/3/2023 12:24,2/3/2023 12:31,0,174.216.244.1,100,367,1,2/3/2023 12:31,R_2qxcNwKaDDUNkhL,,,,,40.7033,-74.0039,anonymous,EN,4,3,"3,4",1,2,8,16,25,71,41,69,"4,12,11,10","3,6,14","1,2,9,13,5,8,7",,,,1,,,,,,4,3,2,,,,,1,,,2,,,,,,,,3,1,2,,,5,,7,6,3,,,,4,,4,2,2,1,2,,1,2,2,,2,6,9,,13,"Airline agent was very rude to cleaning lady who black, and almost didnâ€™t let us board the plane because of covid rules for travel to Korea (made no sense because we had all the documents to travel, plus the other agents were trying to persuade her that we had all documents necessary to travel. She was just very mean and rude trying to make sure we wouldnâ€™t get on the plane)"
2/3/2023 12:27,2/3/2023 12:31,0,174.242.144.197,100,270,1,2/3/2023 12:31,R_8uAHsOxh8SZMxRn,,,,,41.4568,-72.8245,anonymous,EN,4,4,1,1,2,8,82,82,50,50,50,"10,9,3,1","11,6,14","2,7,4,5,8,13,12",4,,3,,,,,,2,1,,,,,,,,,,2,,,,,1,,,3,,1,,3,4,,2,5,,,,7,6,,3,2,2,2,2,,2,3,1,,1,10,9,,1,Iâ€™m white looking and â€œprettyâ€ so definitely get preferential treatment (but I am also very nice and funny so I think that is part of it)
2/3/2023 12:28,2/3/2023 12:32,0,174.242.136.109,100,255,1,2/3/2023 12:32,R_PSrE0wSUI2eOOnn,,,,,41.5317,-72.7949,anonymous,EN,4,4,1,1,2,8,74,87,82,55,56,"3,14,6","12,10,11,8","13,9,7,5,4,2,1",,,1,,,3,,,,,,,,2,,,,,,,,4,,2,3,1,,,7,6,,5,4,,3,,2,,,,1,,3,2,2,2,2,,2,2,1,,1,2,9,,5,
2/3/2023 12:27,2/3/2023 12:33,0,130.132.173.173,100,370,1,2/3/2023 12:33,R_2DXKXo3aoOGCrju,,,,,41.3186,-72.9302,anonymous,EN,4,3,1,"1,5",2,8,66,51,50,51,51,10,"14,6","11,3,1,2,5,4,7,8,9,12,13",,,,,,,,,,1,,,,,,,,,,2,,,,,,,,1,3,4,2,6,5,,7,8,9,,1,10,11,,3,2,2,1,2,,1,2,1,,1,6,6,,1,
2/3/2023 12:33,2/3/2023 12:35,0,130.132.173.234,100,153,1,2/3/2023 12:35,R_SMBEUhtyaPiDlh7,,,,,41.3186,-72.9302,anonymous,EN,4,4,1,1,2,8,50,50,50,50,50,"6,14","12,10,11","1,3,2,4,5,7,8,9,13",,,,,,1,,,,,,,,2,,,,,,,,,,2,3,1,,,1,3,2,4,5,,6,7,8,,,,9,,3,2,2,2,2,,1,2,1,,1,6,6,,1,
2/3/2023 12:31,2/3/2023 12:35,0,130.132.173.7,100,236,1,2/3/2023 12:35,R_BtdBhZ2KDi7vr0t,,,,,41.3186,-72.9302,anonymous,EN,4,3,1,1,2,8,60,61,92,55,50,"14,3,10,6",,"1,11,9,8,2,5,12,4,13,7",,,2,,,4,,,,3,,,,1,,,,,,,,,,,,,,,1,5,,8,6,,10,4,3,,2,7,9,,3,2,2,2,2,,2,2,1,,1,2,"16,6",,1,
2/3/2023 12:34,2/3/2023 12:37,0,130.132.173.254,100,175,1,2/3/2023 12:37,R_Y5fJ3mhNJ2eLAFr,,,,,41.3186,-72.9302,anonymous,EN,4,4,1,1,2,8,50,50,30,50,50,"10,12",,"3,4,9,5,13,14,6,11,1,7,8,2",,,,,,,,,,1,,2,,,,,,,,,,,,,,,,,9,12,1,2,4,7,10,11,3,,8,,5,6,3,2,2,2,2,,2,2,2,,1,2,9,,13,
2/3/2023 12:35,2/3/2023 12:38,0,130.132.173.208,100,149,1,2/3/2023 12:38,R_22Qb5JEmxvHFAh7,,,,,41.3186,-72.9302,anonymous,EN,4,3,1,"1,5",2,8,61,76,36,60,59,"10,8,14,3","6,12","1,2,7,4,5,9,11,13",,,4,,,,,2,,1,,,,3,,,,,,1,,,,,,2,,,1,2,,4,5,,3,,6,,7,,8,,3,2,2,2,2,,1,2,1,,2,6,8,,1,
2/3/2023 12:35,2/3/2023 12:38,0,130.132.173.87,100,221,1,2/3/2023 12:38,R_Z4qDcEQjLwZEutP,,,,,41.3186,-72.9302,anonymous,EN,4,3,1,"1,5",2,10,53,60,81,70,56,"14,3,1,4,8,12,9",11,"10,13,6,7,5,2",3,,2,4,,,,5,7,,,6,,1,,,,,,,,,,,1,,,,,6,,,5,3,4,,,1,,,2,,3,2,2,2,2,,2,2,2,,1,2,16,,1,
2/3/2023 12:38,2/3/2023 12:41,0,130.132.173.39,100,177,1,2/3/2023 12:41,R_1Fem6EtwZjbPNAq,,,,,41.3186,-72.9302,anonymous,EN,4,3,1,1,2,8,50,50,90,50,50,"3,11",,"1,4,10,2,6,7,5,8,9,14,12,13",,,1,,,,,,,,2,,,,,,,,,,,,,,,,,,1,4,,2,7,5,6,8,9,3,,11,12,10,3,2,2,2,2,,2,2,2,,1,2,9,,1,
2/3/2023 12:43,2/3/2023 12:47,0,50.228.92.195,100,220,1,2/3/2023 12:47,R_1SVbRmOlafuLI1b,,,,,41.3186,-72.9302,anonymous,EN,4,3,1,1,2,"10,8",60,60,70,70,50,"3,14,10,4,11,6",12,"1,8,5,7,2,9,13",,,1,4,,6,,,,3,5,,,2,,,,,,,,,,,,1,,,1,5,,,3,,4,2,6,,,,7,,3,2,2,2,2,,1,2,2,,1,10,13,,1,
2/3/2023 12:46,2/3/2023 12:49,0,130.132.173.60,100,153,1,2/3/2023 12:49,R_3gVnqQjx5NRAVZ7,,,,,41.3186,-72.9302,anonymous,EN,4,3,1,1,2,8,92,73,100,85,87,"6,1,3,14","4,10","11,13,12,9,8,7,2,5",2,,3,,,1,,,,,,,,4,,,,1,,,,,,2,,,,,,7,,,8,,6,5,4,,1,3,2,,3,2,2,2,2,,2,2,1,,1,6,6,,1,
2/3/2023 12:48,2/3/2023 12:52,0,130.132.173.131,100,203,1,2/3/2023 12:52,R_1DqjDTl3IaFmj4y,,,,,41.3186,-72.9302,anonymous,EN,4,3,1,1,2,8,77,82,85,89,74,"10,3,4","12,8","1,2,9,13,5,7,14,6,11",,,2,3,,,,,,1,,,,,,,,,,,,2,,,,1,,,1,2,,,5,8,6,,3,,9,,4,7,3,2,2,2,2,,2,2,2,,1,6,25,,1,
2/3/2023 12:54,2/3/2023 12:55,0,130.132.173.49,100,111,1,2/3/2023 12:55,R_2thzg45EYt8kv6A,,,,,41.3186,-72.9302,anonymous,EN,4,3,1,1,2,10,50,49,50,51,52,"6,11,14",,"5,7,13,10,3,9,12,4,8,1,2",,,,,,1,,,,,2,,,3,,,,,,,,,,,,,,,10,11,5,8,1,,2,9,6,4,,7,3,,3,2,2,2,2,,2,2,2,,1,2,9,,,
2/3/2023 13:01,2/3/2023 13:04,0,24.147.184.25,100,135,1,2/3/2023 13:04,R_27fWyiIM48XcGUL,,,,,41.3186,-72.9302,anonymous,EN,4,3,"3,7",1,2,5,71,34,3,57,60,"12,1,3",10,,2,,3,,,,,,,,,1,,,,,,,,,,,,1,,,,,,,,,,,,,,,,,,,3,2,2,1,2,,1,2,2,,7,2,9,,1,
2/3/2023 13:17,2/3/2023 13:20,0,130.132.173.126,100,170,1,2/3/2023 13:20,R_1KrJJAPhrQZIbrZ,,,,,41.3186,-72.9302,anonymous,EN,4,3,1,1,2,8,50,50,70,35,50,"4,6,1",14,"2,3,8,7,9,10,13,12,5,11",3,,,1,,2,,,,,,,,,,,,,,,,,,,,,,1,,1,2,,9,,4,3,5,6,10,8,7,,3,2,2,2,2,,2,2,2,,1,10,9,,1,
2/3/2023 13:26,2/3/2023 13:29,0,130.132.173.29,100,172,1,2/3/2023 13:29,R_24DeEbV1P7RdEuf,,,,,41.3186,-72.9302,anonymous,EN,4,3,1,1,2,8,60,60,70,50,50,"6,14,3,10","8,11,12","13,1,4,5,2,9,7",,,3,,,1,,,,4,,,,2,,,,,,,,1,,,2,3,,,2,5,,3,4,,7,,6,,,,1,,3,2,2,2,2,,2,2,2,,1,6,,,1,
2/3/2023 13:39,2/3/2023 13:45,0,130.132.173.242,100,318,1,2/3/2023 13:45,R_3PUmTINmC3Yi230,,,,,41.3186,-72.9302,anonymous,EN,4,3,1,1,2,8,55,52,52,53,49,"6,11,10,9",,"1,3,2,4,5,7,8,12,14,13",,,,,,1,,,4,3,2,,,,,,,,,,,,,,,,,,1,3,2,4,5,,6,7,,,,8,10,9,3,2,2,2,2,,1,2,1,,1,6,9,,1,
2/3/2023 13:46,2/3/2023 13:50,0,76.152.238.220,100,201,1,2/3/2023 13:50,R_3PYqul8UGHxMTuO,,,,,41.5865,-72.615,anonymous,EN,4,3,1,1,2,8,51,50,34,50,50,"10,3,9","8,14,6,11,12","13,7,2,1,4,5",,,2,,,,,,3,1,,,,,,,,,,3,,1,,,4,5,,2,4,3,,5,6,,2,,,,,,1,,3,2,2,1,2,,2,5,1,,1,2,6,,1,
2/3/2023 13:47,2/3/2023 13:51,0,130.132.173.181,100,234,1,2/3/2023 13:51,R_3RmU4Gb8uNPp6NX,,,,,41.3186,-72.9302,anonymous,EN,4,4,1,1,2,10,50,50,40,40,54,"14,4",10,"1,2,3,5,9,6,11,7,13,12,8",,,,2,,,,,,,,,,1,,,,,,,,,,1,,,,,1,2,3,,4,6,8,11,5,,7,10,9,,3,2,2,2,2,,1,2,1,,1,6,19,,1,
2/3/2023 13:59,2/3/2023 14:04,0,130.132.173.55,100,293,1,2/3/2023 14:04,R_3NCdw0aEZCQ45j6,,,,,41.3186,-72.9302,anonymous,EN,4,3,1,1,2,8,53,54,45,51,50,"6,14,10,1,12,11","3,4,5,2","7,8,13,9",4,,,,,1,,,,3,6,5,,2,,4,1,2,3,,,,,,,,,,,,,,,,1,2,4,,,,3,,3,2,2,2,2,,1,3,2,,2,6,6,,1,
2/3/2023 14:05,2/3/2023 14:09,0,24.218.195.63,100,206,1,2/3/2023 14:09,R_1QuqJ8nqx44oBqQ,,,,,41.3186,-72.9302,anonymous,EN,4,3,1,1,2,8,60,60,28,60,60,"9,3,11","6,14","2,4,1,10,5,7,8,13,12",,,2,,,,,,1,,3,,,,,,,,,1,,,,,,,,2,3,1,,2,5,,6,7,,4,,9,8,,3,2,2,2,2,,2,3,1,,1,2,6,,1,
2/3/2023 14:06,2/3/2023 14:11,0,172.59.8.59,100,344,1,2/3/2023 14:11,R_3pAgEP1RBPKGlOx,,,,,18.25,-66.5,anonymous,EN,4,4,1,"1,5",2,8,60,60,60,70,60,6,,"2,10",,,,,,1,,,,,,,,,,,,,,,,,,,,,,,,1,,,,,,,,2,,,,,3,2,2,2,2,,1,2,1,,2,6,6,,1,
2/3/2023 14:36,2/3/2023 14:40,0,130.132.173.101,100,227,1,2/3/2023 14:40,R_3kHuenqsPiKWEbn,,,,,41.3186,-72.9302,anonymous,EN,4,3,"3,7","1,5",2,8,100,100,80,100,100,,,,,,,,,,,,,,,,,,,,,,,,,,,,,,,,,,,,,,,,,,,,,,3,2,2,2,2,,2,2,2,,1,3,,,1,"Class trip, me and a mixed classmate were the only ones pulled aside for a random check, everyone else who wasnâ€™t were either white or East Asian. "
2/3/2023 14:51,2/3/2023 14:54,0,130.132.173.110,100,190,1,2/3/2023 14:54,R_QcAFa62G972gtkR,,,,,41.3186,-72.9302,anonymous,EN,4,4,4,"1,5",2,8,60,61,100,62,40,10,"14,12","3,2,4,5,13,6,7,8,11,9,1",,,,,,,,,,1,,,,,,,,,,,,,,,,2,,1,11,2,1,3,4,6,7,8,10,,9,,5,,3,2,2,2,2,,1,2,1,,1,3,,,1,
2/3/2023 14:52,2/3/2023 14:55,0,130.132.173.86,100,191,1,2/3/2023 14:55,R_1KiJhEESAP8mmFi,,,,,41.3186,-72.9302,anonymous,EN,4,4,1,,,8,50,50,30,50,50,"6,3,14,10","12,11,8","7,4,9,13,5,2,1",,,2,,,1,,,,4,,,,3,,,,,,,,3,,,2,1,,,7,6,,2,5,,1,,3,,,,4,,3,2,2,2,3,,2,2,2,,1,2,6,,,
2/3/2023 15:05,2/3/2023 15:08,0,130.132.173.142,100,178,1,2/3/2023 15:08,R_1msFo9fqHShmXPX,,,,,41.3186,-72.9302,anonymous,EN,4,2,1,1,2,10,70,80,80,70,50,"3,10,1,6","4,12,14,8,11","5,2,7,13,9",3,,1,,,4,,,,2,,,,,,,,1,,,,4,,,5,2,,3,,2,,,1,,3,,5,,,,4,,3,2,2,2,2,,2,2,2,,1,2,16,,1,
2/3/2023 16:02,2/3/2023 16:05,0,174.197.196.154,100,176,1,2/3/2023 16:05,R_RITz1uliUfTRYjf,,,,,42.7273,-73.6696,anonymous,EN,4,2,1,1,2,8,92,93,95,89,53,"1,9,14,6","12,11,10,3,8","7,13,4,2,5",1,,,,,4,,,2,,,,,3,,,4,,,,,5,,3,2,1,,,,4,,3,5,,1,,,,,,2,,3,2,2,2,2,,2,2,1,,1,2,9,,1,
2/3/2023 16:32,2/3/2023 16:39,0,128.36.7.133,100,439,1,2/3/2023 16:39,R_2Vm39t6PTJpffXu,,,,,41.3186,-72.9302,anonymous,EN,4,3,"1,8","1,5",2,8,51,51,51,51,52,"1,6","3,14",,1,,,,,2,,,,,,,,,,,1,,,,,,,,,,,2,,,,,,,,,,,,,,,3,1,2,2,1,Speak English instead of Mandarin. ,1,2,1,,2,6,25,,1,"When fly with Cathay Pacific airline (with the main hub in Hong Kong), the flight attendants sometimes show different attitude towards people speak Cantonese, Mandarin or other languages - with Mandarin speakers often being treated less carefully compared to other language speakers.    "
2/3/2023 16:38,2/3/2023 16:41,0,76.119.157.157,100,184,1,2/3/2023 16:41,R_22QvMWeeWYr5Ogk,,,,,41.3296,-72.9678,anonymous,EN,4,3,1,1,2,8,50,50,50,50,50,"6,14,3,9,10,1,12,8,11",,"2,13,4,7,5",6,,3,,,1,,8,4,5,9,7,,2,,,,,,,,,,,,,,,,1,,3,5,,4,,,,,,2,,3,2,2,1,2,,1,2,1,,2,6,6,,1,
2/3/2023 17:41,2/3/2023 17:46,0,130.132.173.223,100,292,1,2/3/2023 17:46,R_OweGYpF9Kf5D3lD,,,,,41.3186,-72.9302,anonymous,EN,4,3,1,"1,5",2,8,50,50,50,50,50,"6,3,4,12,10,14,8",11,"1,9,2,13,5,7",,,2,3,,1,,7,,5,,4,,6,,,,,,,,,,,1,,,,1,3,,,5,,6,,2,,,,4,,3,2,2,2,2,,1,2,2,,1,6,9,,1,
2/3/2023 19:54,2/3/2023 19:58,0,130.132.173.213,100,266,1,2/3/2023 19:58,R_Pw9RkAnWrjkKg8x,,,,,41.3186,-72.9302,anonymous,EN,4,3,1,,,8,60,60,60,60,60,"6,14",12,"7,8,9,13,11,5,4,3,1,10,2",,,,,,1,,,,,,,,2,,,,,,,,,,,,1,,,9,11,8,7,6,,1,2,3,10,5,,4,,3,2,2,3,2,,1,2,2,,2,2,6,,1,
2/3/2023 21:57,2/3/2023 22:02,0,64.224.255.98,100,312,1,2/3/2023 22:02,R_2f39Qawr7EFzwBC,,,,,41.3186,-72.9302,anonymous,EN,4,3,1,1,2,8,50,50,50,50,50,6,,,,,,,,1,,,,,,,,,,,,,,,,,,,,,,,,,,,,,,,,,,,,,3,2,2,2,2,,2,3,5,,1,1,22,,1,I often feel nervous a man will pat me down 
2/4/2023 11:03,2/4/2023 11:08,0,130.132.173.253,100,308,1,2/4/2023 11:08,R_1IfU6RhPNtR24Gb,,,,,41.3186,-72.9302,anonymous,EN,4,3,1,1,2,8,50,50,50,50,50,"6,10,11","3,14,12","9,2,5,13,1,4,7,8",,,,,,1,,,,2,3,,,,,,1,,,,,,,,,3,,2,5,2,,6,3,,7,8,1,,,,4,,3,1,2,2,1,stay quiet and move quickly,2,2,1,,1,6,9,,1,
2/4/2023 11:25,2/4/2023 11:29,0,130.132.173.14,100,217,1,2/4/2023 11:29,R_wMhdPLQdrgi3vbj,,,,,41.3186,-72.9302,anonymous,EN,4,4,1,1,2,8,50,50,50,50,50,"9,1,10,6,3,11,14",,"8,4,5,7,13,12",2,,5,,,4,,,1,3,6,,,7,,,,,,,,,,,,,,,,,,2,3,,4,1,,,,6,5,,3,2,2,2,2,,2,2,1,,1,2,25,,1,
2/4/2023 12:15,2/4/2023 12:20,0,130.132.173.157,100,329,1,2/4/2023 12:20,R_1P0DKnoXqcc8kO1,,,,,41.3186,-72.9302,anonymous,EN,4,3,1,1,2,"10,1",40,54,29,49,49,"11,4","14,3","6,2,5,7,13,8,9,10,12,1",,,,2,,,,,,,1,,,,,,2,,,,,,,,,,,1,10,2,,,3,1,4,6,7,8,,9,5,,3,2,2,2,1,Being cautious about how I speak and how I appear to others.,1,2,5,,1,6,14,,1,Denied assistance when I requested help with putting my carry on into the overhead storage space.
2/4/2023 13:58,2/4/2023 14:01,0,130.132.173.103,100,183,1,2/4/2023 14:01,R_C2mNJj4rmthpN4t,,,,,41.3186,-72.9302,anonymous,EN,4,2,1,1,2,"10,6",50,50,30,50,50,"3,11,6","12,8,10,14","13,1,7,9,4,5,2",,,1,,,3,,,,,2,,,,,,,,,,,2,,3,,1,,4,2,7,,5,6,,3,,4,,,,1,,3,2,2,2,2,,1,2,2,,1,6,19,,1,
2/3/2023 23:35,2/4/2023 20:28,0,130.132.173.241,100,75146,1,2/4/2023 20:28,R_3qy70GlfK4eZ9EF,,,,,41.3186,-72.9302,anonymous,EN,4,4,1,1,2,8,60,80,50,50,90,"1,3,9,10,11,12","6,14","4,2,5,7,8,13",1,,2,,,,,,3,4,5,6,,,,,,,,1,,,,,,,,2,,2,,1,3,,4,5,,,,,6,,3,2,2,2,2,,1,2,2,,1,2,9,,1,
2/5/2023 9:23,2/5/2023 9:26,0,130.132.173.88,100,227,1,2/5/2023 9:26,R_2D5jZEuecLNSQiR,,,,,41.3186,-72.9302,anonymous,EN,4,4,1,1,2,8,50,50,50,50,50,"3,9",6,"2,4,1,5,7,11,8,10,12,13,14",,,1,,,,,,2,,,,,,,,,,,1,,,,,,,,,3,1,,2,4,,5,7,,8,6,9,10,11,3,2,2,2,2,,1,3,2,,2,6,9,,1,
2/5/2023 13:49,2/5/2023 13:53,0,130.132.173.108,100,226,1,2/5/2023 13:53,R_3qjU2Az9KSaYxAg,,,,,41.3186,-72.9302,anonymous,EN,4,3,1,1,2,8,70,70,60,71,79,"11,6,3,14",12,"7,5,9,10,13,8,4,2,1",,,3,,,2,,,,,1,,,4,,,,,,,,,,,,1,,,9,8,,7,2,,1,6,3,4,,,5,,3,2,2,2,2,,2,2,1,,1,10,6,,1,
2/5/2023 15:59,2/5/2023 16:03,0,204.194.187.6,100,282,1,2/5/2023 16:03,R_3CTTrahTOQ43hDE,,,,,40.7182,-74.0476,anonymous,EN,4,3,1,"1,5",2,"10,1",50,50,25,50,50,"3,6,11,14",12,"5,7,8,9,10,4,2,1,13",,,1,,,2,,,,,3,,,4,,,,,,,,,,,,1,,,8,7,,6,1,,2,3,4,5,,,9,,3,1,2,2,3,,1,3,1,,1,6,14,,13,
2/5/2023 16:05,2/5/2023 16:09,0,100.36.32.100,100,257,1,2/5/2023 16:09,R_3GBbEA3h4v3wvPX,,,,,38.93,-77.35,anonymous,EN,4,2,1,1,2,10,50,50,33,50,50,"14,1,10,3,9,8,6","12,11","2,4,5,13,7",2,,4,,,7,,6,5,3,,,,1,,,,,,,,,,,2,1,,,,1,,2,3,,5,,,,,,4,,3,2,2,2,2,,1,4,1,,1,9,14,,1,Often get SSSS 
2/5/2023 16:17,2/5/2023 16:22,0,107.122.93.13,100,275,1,2/5/2023 16:22,R_56BnUQf8dVHKZhf,,,,,38.6287,-90.1988,anonymous,EN,4,3,8,1,2,10,50,50,50,50,50,"11,2,6,14","12,3,8","7,10,1,4,5,9,13",,2,,,,3,,,,,1,,,4,,,2,,,,,3,,,,1,,,3,,,4,5,,1,,6,2,,,7,,3,2,2,2,1,"Wear clothing that doesnâ€™t have heavy fabric so it doesnâ€™t require a path down through the security line. Also, tsa prechek",1,4,1,,1,6,14,,1,
2/5/2023 16:30,2/5/2023 16:38,0,70.49.34.244,100,457,1,2/5/2023 16:38,R_XoWZcemKe1TJzmV,,,,,45.3736,-75.918,anonymous,EN,4,4,7,1,2,"10,2",50,48,68,50,49,3,11,,,,1,,,,,,,,,,,,,,,,,,,,,,1,,,,,,,,,,,,,,,,,,3,1,2,2,2,,1,7,2,,2,6,14,,2,Travelled with Emirateâ€™s / Great experience 
2/5/2023 16:44,2/5/2023 16:48,0,98.10.123.156,100,226,1,2/5/2023 16:48,R_TbyWqPkWgDW6DdL,,,,,43.0747,-77.5181,anonymous,EN,4,3,5,1,2,10,100,,55,100,100,"6,14,11,10,3,8",,"4,7,1,5,13,9,12,2",,,5,,,1,,6,,4,3,,,2,,,,,,,,,,,,,,,3,8,,1,4,,2,,6,,,7,5,,3,2,2,2,2,,1,5,2,,1,6,14,,1,
2/5/2023 17:30,2/5/2023 17:38,0,98.111.237.175,100,455,1,2/5/2023 17:38,R_3pmtLtTL4b5gAE3,,,,,40.4242,-79.7658,anonymous,EN,4,4,5,5,2,1,50,50,20,25,76,"10,11","6,14","2,1,3,4,5,8,7,12,9,13",,,,,,,,,,1,2,,,,,,,,,1,,,,,,,,2,2,1,3,4,5,,7,6,9,,,8,10,,3,1,1,2,1,Overly friendly ,1,5,1,,1,6,14,,1,I was asked to deplane because I challenged a flight attendant for assuming I could not speak English. 
2/5/2023 19:41,2/5/2023 19:46,0,73.212.187.132,100,302,1,2/5/2023 19:46,R_2cvRckZBxCtbQC5,,,,,38.7911,-77.5264,anonymous,EN,4,4,1,1,2,"10,1",50,50,50,50,50,,,"8,3,2,4,5,6,10,7,9,13,14,12,11",,,,,,,,,,,,,,,,,,,,,,,,,,,,,,3,2,4,5,6,8,1,9,7,13,12,10,11,3,2,2,2,2,,1,2,1,,1,6,14,,,I havenâ€™t had any negative experiences while traveling
2/5/2023 21:16,2/5/2023 21:22,0,76.119.156.229,100,366,1,2/5/2023 21:22,R_1cZi7dtoQACbO30,,,,,41.3091,-72.8701,anonymous,EN,4,3,1,1,2,8,70,50,50,38,50,"14,10,9,1","12,11,8,6,5,3","13,7,4,2",4,,,,,,,,3,2,,,,1,,,6,,5,4,,3,,,2,1,,,,4,,3,,,2,,,,,,1,,3,2,2,2,2,,2,2,1,,1,10,8,,5,"I want to note that although I am multiracial, I am white passing and light skinned. While traveling with my mother as a child, she experienced a lot of visa issues and racial profiling at the airport. This is probably because her english isn't super strong and her maiden name didn't match the name on her passport. My mother is Thai and Black (dark skinned)>  "
2/5/2023 21:23,2/5/2023 21:26,0,47.25.192.240,100,226,1,2/5/2023 21:26,R_w4ZV348Roe0oIjT,,,,,45.6728,-121.5398,anonymous,EN,4,3,1,1,2,8,75,75,75,75,75,"6,1,11","13,12,3","5,7,2,4",2,,,,,1,,,,,3,,,,,,3,,,,,,,,,2,1,,,3,,4,1,,2,,,,,,,,3,2,2,2,2,,1,5,1,,1,10,9,,13,
2/6/2023 6:16,2/6/2023 6:23,0,104.148.255.155,100,400,1,2/6/2023 6:23,R_1M5QE7yIFhayPw8,,,,,40.488,-74.4544,anonymous,EN,4,3,5,1,2,2,11,94,94,97,99,"14,11,6",3,"10,13,12,9,8,2,7,5,4,1",,,,,,3,,,,,2,,,1,,,1,,,,,,,,,,,,10,6,,9,8,,7,5,4,1,,3,2,,3,2,2,2,2,,1,4,2,,1,6,14,,1,
2/6/2023 6:43,2/6/2023 6:47,0,130.132.173.106,100,205,1,2/6/2023 6:47,R_2PtxYKVjC4Hhmj4,,,,,41.3186,-72.9302,anonymous,EN,4,4,1,1,2,8,50,50,50,50,50,"14,10,12,4,6,3",,"13,9,11,1,8,7,2,5",,,6,4,,5,,,,2,,3,,1,,,,,,,,,,,,,,,4,7,,,8,,6,5,2,,3,,1,,3,2,2,2,2,,2,2,1,,1,6,6,,1,
2/6/2023 10:13,2/6/2023 10:23,0,91.219.212.205,100,575,1,2/6/2023 10:23,R_1PS3Zr1WpJaNdgc,,,,,34.0544,-118.2441,anonymous,EN,4,4,5,4,2,"10,2,6",30,25,10,15,5,,,,,,,,,,,,,,,,,,,,,,,,,,,,,,,,,,,,,,,,,,,,,,3,1,2,1,1,"Dress different, travel w/ family, avoid certain airports, pack lightly, pack differently",1,4,2,,1,6,14,,1,Always extra security checks and almost always detained for further questioning after landing from international travel.
1/30/2023 11:02,1/30/2023 11:03,0,43.225.189.105,24,21,0,2/6/2023 11:03,R_WuIN1pkQMVmaQUN,,,,,,,anonymous,EN,4,,,,,,,,,,,,,,,,,,,,,,,,,,,,,,,,,,,,,,,,,,,,,,,,,,,,,,,,,,,,,,,,,,,,,,,
2/3/2023 12:24,2/3/2023 12:25,0,174.242.140.191,5,21,0,2/10/2023 12:25,R_1LRNODc0UDCicDc,,,,,,,anonymous,EN,4,,,,,,,,,,,,,,,,,,,,,,,,,,,,,,,,,,,,,,,,,,,,,,,,,,,,,,,,,,,,,,,,,,,,,,,
2/3/2023 12:25,2/3/2023 12:31,0,130.132.173.205,29,342,0,2/10/2023 12:31,R_3O85sO4k4XJG0Nk,,,,,,,anonymous,EN,4,3,1,"1,5",2,10,,,,,,,,,,,,,,,,,,,,,,,,,,,,,,,,,,,,,,,,,,,,,,,,,,,,,,,,,,,,,,,,,,
2/3/2023 12:31,2/3/2023 12:32,0,130.132.173.236,33,57,0,2/10/2023 12:32,R_1N2LWvZ8qM3ZueI,,,,,,,anonymous,EN,4,3,1,1,2,8,50,50,50,50,50,,,,,,,,,,,,,,,,,,,,,,,,,,,,,,,,,,,,,,,,,,,,,,,,,,,,,,,,,,,,,
2/3/2023 12:37,2/3/2023 12:38,0,208.46.240.4,29,37,0,2/10/2023 12:38,R_W2LqLukqazhPPtn,,,,,,,anonymous,EN,4,3,1,1,2,8,,,,,,,,,,,,,,,,,,,,,,,,,,,,,,,,,,,,,,,,,,,,,,,,,,,,,,,,,,,,,,,,,,
2/3/2023 12:47,2/3/2023 12:48,0,73.227.149.44,19,39,0,2/10/2023 12:48,R_1q4Yq8XIXvzq4sQ,,,,,,,anonymous,EN,4,2,1,1,,,,,,,,,,,,,,,,,,,,,,,,,,,,,,,,,,,,,,,,,,,,,,,,,,,,,,,,,,,,,,,,,,,,
2/3/2023 12:51,2/3/2023 12:52,0,130.132.173.99,14,40,0,2/10/2023 12:52,R_21hspfoDNyLJzu0,,,,,,,anonymous,EN,4,4,8,,,,,,,,,,,,,,,,,,,,,,,,,,,,,,,,,,,,,,,,,,,,,,,,,,,,,,,,,,,,,,,,,,,,,
2/3/2023 12:51,2/3/2023 12:52,0,130.132.173.204,33,70,0,2/10/2023 12:52,R_3Em7Lcbv2svHcHe,,,,,,,anonymous,EN,4,3,4,1,2,8,50,50,30,50,50,,,,,,,,,,,,,,,,,,,,,,,,,,,,,,,,,,,,,,,,,,,,,,,,,,,,,,,,,,,,,
2/3/2023 12:54,2/3/2023 12:55,0,130.132.173.99,29,49,0,2/10/2023 12:55,R_1HdI53FiuDY70iz,,,,,,,anonymous,EN,4,3,1,1,2,8,,,,,,,,,,,,,,,,,,,,,,,,,,,,,,,,,,,,,,,,,,,,,,,,,,,,,,,,,,,,,,,,,,
2/3/2023 13:14,2/3/2023 13:14,0,32.212.71.144,14,28,0,2/10/2023 13:14,R_3FUkEyJrwYs1hr8,,,,,,,anonymous,EN,4,4,1,,,,,,,,,,,,,,,,,,,,,,,,,,,,,,,,,,,,,,,,,,,,,,,,,,,,,,,,,,,,,,,,,,,,,
2/3/2023 13:41,2/3/2023 13:42,0,130.132.173.234,48,80,0,2/10/2023 13:42,R_12uwDJBLDo5YrOR,,,,,,,anonymous,EN,4,3,1,1,2,8,50,50,11,31,0,,,,,,,,,,,,,,,,,,,,,,,,,,,,,,,,,,,,,,,,,,,,,,3,2,,,,,,,,,,,,,,
2/3/2023 13:47,2/3/2023 13:49,0,24.60.167.209,29,103,0,2/10/2023 13:49,R_2fHGvNOeId4zhvn,,,,,,,anonymous,EN,4,4,1,"1,5",2,8,,,,,,,,,,,,,,,,,,,,,,,,,,,,,,,,,,,,,,,,,,,,,,,,,,,,,,,,,,,,,,,,,,
2/3/2023 14:28,2/3/2023 14:29,0,172.226.171.97,5,31,0,2/10/2023 14:29,R_3J9hXfjQy1NcnGM,,,,,,,anonymous,EN,4,,,,,,,,,,,,,,,,,,,,,,,,,,,,,,,,,,,,,,,,,,,,,,,,,,,,,,,,,,,,,,,,,,,,,,,
2/3/2023 14:41,2/3/2023 14:42,0,130.132.173.48,33,68,0,2/10/2023 14:42,R_1mykzdRKtw9PJ0C,,,,,,,anonymous,EN,4,2,1,1,2,,60,59,59,58,57,,,,,,,,,,,,,,,,,,,,,,,,,,,,,,,,,,,,,,,,,,,,,,,,,,,,,,,,,,,,,
2/3/2023 14:41,2/3/2023 14:43,0,71.234.196.180,29,153,0,2/10/2023 14:43,R_325CkCZPGO6rmUb,,,,,,,anonymous,EN,4,3,1,1,2,9,,,,,,,,,,,,,,,,,,,,,,,,,,,,,,,,,,,,,,,,,,,,,,,,,,,,,,,,,,,,,,,,,,
2/3/2023 15:36,2/3/2023 15:37,0,130.132.173.43,29,45,0,2/10/2023 15:37,R_1rJ89Nivdh11DAm,,,,,,,anonymous,EN,4,3,1,1,2,8,,,,,,,,,,,,,,,,,,,,,,,,,,,,,,,,,,,,,,,,,,,,,,,,,,,,,,,,,,,,,,,,,,
2/3/2023 22:30,2/3/2023 22:32,0,130.132.173.142,33,160,0,2/10/2023 22:32,R_3iVUCJfpOWQgbgr,,,,,,,anonymous,EN,4,4,1,1,2,8,50,50,71,69,31,,,,,,,,,,,,,,,,,,,,,,,,,,,,,,,,,,,,,,,,,,,,,,,,,,,,,,,,,,,,,
2/3/2023 23:30,2/3/2023 23:30,0,130.132.173.219,19,26,0,2/10/2023 23:30,R_0drDfzl6QTyfudr,,,,,,,anonymous,EN,4,3,1,1,,,,,,,,,,,,,,,,,,,,,,,,,,,,,,,,,,,,,,,,,,,,,,,,,,,,,,,,,,,,,,,,,,,,
2/3/2023 23:37,2/3/2023 23:59,0,73.227.149.44,5,1294,0,2/10/2023 23:59,R_28MpNjeFFdvodMn,,,,,,,anonymous,EN,4,,,,,,,,,,,,,,,,,,,,,,,,,,,,,,,,,,,,,,,,,,,,,,,,,,,,,,,,,,,,,,,,,,,,,,,
2/4/2023 5:43,2/4/2023 5:50,0,130.132.173.215,33,411,0,2/11/2023 5:50,R_O2aj96ZWtBh838l,,,,,,,anonymous,EN,4,3,1,1,3,8,50,50,50,50,50,,,,,,,,,,,,,,,,,,,,,,,,,,,,,,,,,,,,,,,,,,,,,,,,,,,,,,,,,,,,,
2/4/2023 14:41,2/4/2023 14:42,0,172.59.9.172,33,84,0,2/11/2023 14:42,R_3j10SQTLU3pqUti,,,,,,,anonymous,EN,4,3,1,1,2,"10,8",50,50,50,50,50,,,,,,,,,,,,,,,,,,,,,,,,,,,,,,,,,,,,,,,,,,,,,,,,,,,,,,,,,,,,,
2/5/2023 21:11,2/5/2023 21:11,0,130.132.173.107,10,31,0,2/12/2023 21:12,R_W6a7aefgjf7MOsx,,,,,,,anonymous,EN,4,2,,,,,,,,,,,,,,,,,,,,,,,,,,,,,,,,,,,,,,,,,,,,,,,,,,,,,,,,,,,,,,,,,,,,,,
2/6/2023 3:56,2/6/2023 3:57,0,24.184.123.69,29,67,0,2/13/2023 3:57,R_2fBYoz9tX5BoUs0,,,,,,,anonymous,EN,4,4,5,1,2,10,,,,,,,,,,,,,,,,,,,,,,,,,,,,,,,,,,,,,,,,,,,,,,,,,,,,,,,,,,,,,,,,,,
2/6/2023 11:38,2/6/2023 11:40,0,130.132.173.188,33,97,0,2/13/2023 11:40,R_p5j288iIC5aREt3,,,,,,,anonymous,EN,4,4,1,1,3,8,100,51,52,67,51,,,,,,,,,,,,,,,,,,,,,,,,,,,,,,,,,,,,,,,,,,,,,,,,,,,,,,,,,,,,,
